date,home,visitor,goals_home,goals_visitor,extra_time
2018-10-03,San Jose Sharks,Anaheim Ducks,2.0,5.0,0
2018-10-03,Toronto Maple Leafs,Montreal Canadiens,3.0,2.0,1
2018-10-03,Vancouver Canucks,Calgary Flames,5.0,2.0,0
2018-10-03,Washington Capitals,Boston Bruins,7.0,0.0,0
2018-10-04,Buffalo Sabres,Boston Bruins,0.0,4.0,0
2018-10-04,Carolina Hurricanes,New York Islanders,1.0,2.0,1
2018-10-04,Colorado Avalanche,Minnesota Wild,4.0,1.0,0
2018-10-04,Dallas Stars,Arizona Coyotes,3.0,0.0,0
2018-10-04,Detroit Red Wings,Columbus Blue Jackets,2.0,3.0,1
2018-10-04,New York Rangers,Nashville Predators,2.0,3.0,0
2018-10-04,Ottawa Senators,Chicago Blackhawks,3.0,4.0,1
2018-10-04,Pittsburgh Penguins,Washington Capitals,7.0,6.0,1
2018-10-04,St. Louis Blues,Winnipeg Jets,1.0,5.0,0
2018-10-04,Vegas Golden Knights,Philadelphia Flyers,2.0,5.0,0
2018-10-05,Columbus Blue Jackets,Carolina Hurricanes,1.0,3.0,0
2018-10-05,Los Angeles Kings,San Jose Sharks,2.0,3.0,1
2018-10-06,Arizona Coyotes,Anaheim Ducks,0.0,1.0,0
2018-10-06,Buffalo Sabres,New York Rangers,3.0,1.0,0
2018-10-06,Calgary Flames,Vancouver Canucks,7.0,4.0,0
2018-10-06,Colorado Avalanche,Philadelphia Flyers,5.0,2.0,0
2018-10-06,Dallas Stars,Winnipeg Jets,5.0,1.0,0
2018-10-06,Minnesota Wild,Vegas Golden Knights,1.0,2.0,1
2018-10-06,New Jersey Devils,Edmonton Oilers,5.0,2.0,0
2018-10-06,New York Islanders,Nashville Predators,3.0,4.0,0
2018-10-06,Pittsburgh Penguins,Montreal Canadiens,1.0,5.0,0
2018-10-06,St. Louis Blues,Chicago Blackhawks,4.0,5.0,1
2018-10-06,Tampa Bay Lightning,Florida Panthers,2.0,1.0,1
2018-10-06,Toronto Maple Leafs,Ottawa Senators,3.0,5.0,0
2018-10-07,Carolina Hurricanes,New York Rangers,8.0,5.0,0
2018-10-07,Chicago Blackhawks,Toronto Maple Leafs,6.0,7.0,1
2018-10-07,Los Angeles Kings,Detroit Red Wings,4.0,2.0,0
2018-10-08,Anaheim Ducks,Detroit Red Wings,3.0,2.0,1
2018-10-08,Boston Bruins,Ottawa Senators,6.0,3.0,0
2018-10-08,Buffalo Sabres,Vegas Golden Knights,4.0,2.0,0
2018-10-08,New York Islanders,San Jose Sharks,4.0,0.0,0
2018-10-09,Carolina Hurricanes,Vancouver Canucks,5.0,3.0,0
2018-10-09,Columbus Blue Jackets,Colorado Avalanche,5.0,2.0,0
2018-10-09,Dallas Stars,Toronto Maple Leafs,4.0,7.0,0
2018-10-09,Nashville Predators,Calgary Flames,0.0,3.0,0
2018-10-09,Philadelphia Flyers,San Jose Sharks,2.0,8.0,0
2018-10-09,Winnipeg Jets,Los Angeles Kings,2.0,1.0,0
2018-10-10,Anaheim Ducks,Arizona Coyotes,2.0,3.0,1
2018-10-10,Ottawa Senators,Philadelphia Flyers,4.0,7.0,0
2018-10-10,Washington Capitals,Vegas Golden Knights,5.0,2.0,0
2018-10-11,Boston Bruins,Edmonton Oilers,4.0,1.0,0
2018-10-11,Buffalo Sabres,Colorado Avalanche,1.0,6.0,0
2018-10-11,Detroit Red Wings,Toronto Maple Leafs,3.0,5.0,0
2018-10-11,Florida Panthers,Columbus Blue Jackets,4.0,5.0,0
2018-10-11,Minnesota Wild,Chicago Blackhawks,4.0,3.0,1
2018-10-11,Montreal Canadiens,Los Angeles Kings,0.0,3.0,0
2018-10-11,New Jersey Devils,Washington Capitals,6.0,0.0,0
2018-10-11,Nashville Predators,Winnipeg Jets,3.0,0.0,0
2018-10-11,New York Rangers,San Jose Sharks,3.0,2.0,1
2018-10-11,Pittsburgh Penguins,Vegas Golden Knights,4.0,2.0,0
2018-10-11,St. Louis Blues,Calgary Flames,5.0,3.0,0
2018-10-11,Tampa Bay Lightning,Vancouver Canucks,1.0,4.0,0
2018-10-13,Arizona Coyotes,Buffalo Sabres,0.0,3.0,0
2018-10-13,Boston Bruins,Detroit Red Wings,8.0,2.0,0
2018-10-13,Chicago Blackhawks,St. Louis Blues,4.0,3.0,1
2018-10-13,Colorado Avalanche,Calgary Flames,2.0,3.0,1
2018-10-13,Dallas Stars,Anaheim Ducks,5.0,3.0,0
2018-10-13,Florida Panthers,Vancouver Canucks,2.0,3.0,0
2018-10-13,Minnesota Wild,Carolina Hurricanes,4.0,5.0,1
2018-10-13,Montreal Canadiens,Pittsburgh Penguins,4.0,3.0,1
2018-10-13,Nashville Predators,New York Islanders,5.0,2.0,0
2018-10-13,New York Rangers,Edmonton Oilers,1.0,2.0,0
2018-10-13,Ottawa Senators,Los Angeles Kings,5.0,1.0,0
2018-10-13,Philadelphia Flyers,Vegas Golden Knights,0.0,1.0,0
2018-10-13,Tampa Bay Lightning,Columbus Blue Jackets,8.0,2.0,0
2018-10-13,Washington Capitals,Toronto Maple Leafs,2.0,4.0,0
2018-10-14,New Jersey Devils,San Jose Sharks,3.0,2.0,0
2018-10-14,St. Louis Blues,Anaheim Ducks,2.0,3.0,0
2018-10-14,Winnipeg Jets,Carolina Hurricanes,3.0,1.0,0
2018-10-15,Montreal Canadiens,Detroit Red Wings,7.0,3.0,0
2018-10-15,Nashville Predators,Minnesota Wild,4.0,2.0,0
2018-10-15,Ottawa Senators,Dallas Stars,4.0,1.0,0
2018-10-15,Toronto Maple Leafs,Los Angeles Kings,4.0,1.0,0
2018-10-16,Minnesota Wild,Arizona Coyotes,2.0,1.0,0
2018-10-16,New Jersey Devils,Dallas Stars,3.0,0.0,0
2018-10-16,New York Rangers,Colorado Avalanche,3.0,2.0,1
2018-10-16,Philadelphia Flyers,Florida Panthers,6.0,5.0,1
2018-10-16,Pittsburgh Penguins,Vancouver Canucks,2.0,3.0,1
2018-10-16,Tampa Bay Lightning,Carolina Hurricanes,4.0,2.0,0
2018-10-16,Vegas Golden Knights,Buffalo Sabres,4.0,1.0,0
2018-10-16,Winnipeg Jets,Edmonton Oilers,4.0,5.0,1
2018-10-17,Anaheim Ducks,New York Islanders,4.0,1.0,0
2018-10-17,Calgary Flames,Boston Bruins,5.0,2.0,0
2018-10-17,Montreal Canadiens,St. Louis Blues,3.0,2.0,0
2018-10-17,Washington Capitals,New York Rangers,4.0,3.0,1
2018-10-18,Columbus Blue Jackets,Philadelphia Flyers,6.0,3.0,0
2018-10-18,Chicago Blackhawks,Arizona Coyotes,1.0,4.0,0
2018-10-18,Edmonton Oilers,Boston Bruins,3.0,2.0,1
2018-10-18,Los Angeles Kings,New York Islanders,2.0,7.0,0
2018-10-18,New Jersey Devils,Colorado Avalanche,3.0,5.0,0
2018-10-18,San Jose Sharks,Buffalo Sabres,5.0,1.0,0
2018-10-18,Tampa Bay Lightning,Detroit Red Wings,3.0,1.0,0
2018-10-18,Toronto Maple Leafs,Pittsburgh Penguins,0.0,3.0,0
2018-10-18,Winnipeg Jets,Vancouver Canucks,4.0,1.0,0
2018-10-19,Calgary Flames,Nashville Predators,3.0,5.0,0
2018-10-19,Dallas Stars,Minnesota Wild,1.0,3.0,0
2018-10-19,Washington Capitals,Florida Panthers,5.0,6.0,1
2018-10-20,Carolina Hurricanes,Colorado Avalanche,1.0,3.0,0
2018-10-20,Columbus Blue Jackets,Chicago Blackhawks,1.0,4.0,0
2018-10-20,Edmonton Oilers,Nashville Predators,0.0,3.0,0
2018-10-20,Florida Panthers,Detroit Red Wings,3.0,4.0,1
2018-10-20,Los Angeles Kings,Buffalo Sabres,1.0,5.0,0
2018-10-20,Minnesota Wild,Tampa Bay Lightning,5.0,4.0,1
2018-10-20,Ottawa Senators,Montreal Canadiens,4.0,3.0,1
2018-10-20,Philadelphia Flyers,New Jersey Devils,5.0,2.0,0
2018-10-20,San Jose Sharks,New York Islanders,4.0,1.0,0
2018-10-20,Toronto Maple Leafs,St. Louis Blues,1.0,4.0,0
2018-10-20,Vancouver Canucks,Boston Bruins,2.0,1.0,1
2018-10-20,Vegas Golden Knights,Anaheim Ducks,3.0,1.0,0
2018-10-20,Winnipeg Jets,Arizona Coyotes,5.0,3.0,0
2018-10-21,Anaheim Ducks,Buffalo Sabres,2.0,4.0,0
2018-10-21,Chicago Blackhawks,Tampa Bay Lightning,3.0,6.0,0
2018-10-21,New York Rangers,Calgary Flames,1.0,4.0,0
2018-10-22,Detroit Red Wings,Carolina Hurricanes,1.0,3.0,0
2018-10-22,Philadelphia Flyers,Colorado Avalanche,1.0,4.0,0
2018-10-22,Vancouver Canucks,Washington Capitals,2.0,5.0,0
2018-10-22,Winnipeg Jets,St. Louis Blues,5.0,4.0,1
2018-10-23,Columbus Blue Jackets,Arizona Coyotes,1.0,4.0,0
2018-10-23,Chicago Blackhawks,Anaheim Ducks,3.0,1.0,0
2018-10-23,Dallas Stars,Los Angeles Kings,4.0,2.0,0
2018-10-23,Edmonton Oilers,Pittsburgh Penguins,5.0,6.0,1
2018-10-23,Montreal Canadiens,Calgary Flames,3.0,2.0,0
2018-10-23,Nashville Predators,San Jose Sharks,4.0,5.0,0
2018-10-23,New York Rangers,Florida Panthers,5.0,2.0,0
2018-10-23,Ottawa Senators,Boston Bruins,1.0,4.0,0
2018-10-24,Colorado Avalanche,Tampa Bay Lightning,0.0,1.0,0
2018-10-24,New York Islanders,Florida Panthers,2.0,3.0,1
2018-10-24,Vegas Golden Knights,Vancouver Canucks,2.0,3.0,1
2018-10-24,Winnipeg Jets,Toronto Maple Leafs,2.0,4.0,0
2018-10-25,Arizona Coyotes,Vancouver Canucks,4.0,1.0,0
2018-10-25,Boston Bruins,Philadelphia Flyers,3.0,0.0,0
2018-10-25,Buffalo Sabres,Montreal Canadiens,4.0,3.0,0
2018-10-25,Calgary Flames,Pittsburgh Penguins,1.0,9.0,0
2018-10-25,Chicago Blackhawks,New York Rangers,4.0,1.0,0
2018-10-25,Dallas Stars,Anaheim Ducks,5.0,2.0,0
2018-10-25,Edmonton Oilers,Washington Capitals,4.0,1.0,0
2018-10-25,Minnesota Wild,Los Angeles Kings,4.0,1.0,0
2018-10-25,New Jersey Devils,Nashville Predators,3.0,4.0,1
2018-10-25,St. Louis Blues,Columbus Blue Jackets,4.0,7.0,0
2018-10-26,Carolina Hurricanes,San Jose Sharks,4.0,3.0,1
2018-10-26,Colorado Avalanche,Ottawa Senators,6.0,3.0,0
2018-10-26,Detroit Red Wings,Winnipeg Jets,1.0,2.0,0
2018-10-26,Vegas Golden Knights,Tampa Bay Lightning,2.0,3.0,0
2018-10-27,Arizona Coyotes,Tampa Bay Lightning,7.0,1.0,0
2018-10-27,Boston Bruins,Montreal Canadiens,0.0,3.0,0
2018-10-27,Columbus Blue Jackets,Buffalo Sabres,5.0,4.0,1
2018-10-27,Calgary Flames,Washington Capitals,3.0,4.0,1
2018-10-27,Minnesota Wild,Colorado Avalanche,3.0,2.0,0
2018-10-27,New Jersey Devils,Florida Panthers,3.0,2.0,0
2018-10-27,Nashville Predators,Edmonton Oilers,3.0,5.0,0
2018-10-27,Philadelphia Flyers,New York Islanders,1.0,6.0,0
2018-10-27,St. Louis Blues,Chicago Blackhawks,7.0,3.0,0
2018-10-27,Toronto Maple Leafs,Winnipeg Jets,3.0,2.0,0
2018-10-27,Vancouver Canucks,Pittsburgh Penguins,0.0,5.0,0
2018-10-28,Anaheim Ducks,San Jose Sharks,3.0,4.0,1
2018-10-28,Carolina Hurricanes,New York Islanders,1.0,2.0,0
2018-10-28,Chicago Blackhawks,Edmonton Oilers,1.0,2.0,1
2018-10-28,Detroit Red Wings,Dallas Stars,4.0,2.0,0
2018-10-28,Los Angeles Kings,New York Rangers,4.0,3.0,0
2018-10-28,Vegas Golden Knights,Ottawa Senators,4.0,3.0,1
2018-10-29,Toronto Maple Leafs,Calgary Flames,1.0,3.0,0
2018-10-29,Vancouver Canucks,Minnesota Wild,5.0,2.0,0
2018-10-30,Anaheim Ducks,Philadelphia Flyers,2.0,3.0,0
2018-10-30,Arizona Coyotes,Ottawa Senators,5.0,1.0,0
2018-10-30,Buffalo Sabres,Calgary Flames,1.0,2.0,1
2018-10-30,Carolina Hurricanes,Boston Bruins,2.0,3.0,0
2018-10-30,Columbus Blue Jackets,Detroit Red Wings,3.0,5.0,0
2018-10-30,Edmonton Oilers,Minnesota Wild,3.0,4.0,0
2018-10-30,Montreal Canadiens,Dallas Stars,1.0,4.0,0
2018-10-30,Nashville Predators,Vegas Golden Knights,4.0,1.0,0
2018-10-30,Pittsburgh Penguins,New York Islanders,3.0,6.0,0
2018-10-30,San Jose Sharks,New York Rangers,3.0,4.0,1
2018-10-30,Tampa Bay Lightning,New Jersey Devils,8.0,3.0,0
2018-10-31,Vancouver Canucks,Chicago Blackhawks,4.0,2.0,0
2018-11-01,Anaheim Ducks,New York Rangers,2.0,3.0,1
2018-11-01,Calgary Flames,Colorado Avalanche,6.0,5.0,0
2018-11-01,Detroit Red Wings,New Jersey Devils,4.0,3.0,0
2018-11-01,Edmonton Oilers,Chicago Blackhawks,4.0,0.0,0
2018-11-01,Florida Panthers,Winnipeg Jets,2.0,4.0,0
2018-11-01,Los Angeles Kings,Philadelphia Flyers,2.0,5.0,0
2018-11-01,Montreal Canadiens,Washington Capitals,6.0,4.0,0
2018-11-01,New York Islanders,Pittsburgh Penguins,3.0,2.0,1
2018-11-01,Ottawa Senators,Buffalo Sabres,4.0,2.0,0
2018-11-01,San Jose Sharks,Columbus Blue Jackets,1.0,4.0,0
2018-11-01,St. Louis Blues,Vegas Golden Knights,5.0,3.0,0
2018-11-01,Tampa Bay Lightning,Nashville Predators,1.0,4.0,0
2018-11-01,Toronto Maple Leafs,Dallas Stars,1.0,2.0,0
2018-11-02,Arizona Coyotes,Carolina Hurricanes,4.0,3.0,1
2018-11-02,Vancouver Canucks,Colorado Avalanche,7.0,6.0,1
2018-11-02,Winnipeg Jets,Florida Panthers,2.0,4.0,0
2018-11-03,Buffalo Sabres,Ottawa Senators,9.0,2.0,0
2018-11-03,Calgary Flames,Chicago Blackhawks,5.0,3.0,0
2018-11-03,Detroit Red Wings,Edmonton Oilers,3.0,4.0,0
2018-11-03,Los Angeles Kings,Columbus Blue Jackets,4.0,1.0,0
2018-11-03,Montreal Canadiens,Tampa Bay Lightning,1.0,4.0,0
2018-11-03,Nashville Predators,Boston Bruins,1.0,0.0,0
2018-11-03,New York Islanders,New Jersey Devils,3.0,0.0,0
2018-11-03,Pittsburgh Penguins,Toronto Maple Leafs,0.0,5.0,0
2018-11-03,San Jose Sharks,Philadelphia Flyers,4.0,3.0,1
2018-11-03,St. Louis Blues,Minnesota Wild,1.0,5.0,0
2018-11-03,Vegas Golden Knights,Carolina Hurricanes,3.0,0.0,0
2018-11-03,Washington Capitals,Dallas Stars,3.0,4.0,1
2018-11-04,Anaheim Ducks,Columbus Blue Jackets,3.0,2.0,1
2018-11-04,New York Rangers,Buffalo Sabres,3.0,1.0,0
2018-11-04,Ottawa Senators,Tampa Bay Lightning,3.0,4.0,1
2018-11-05,Arizona Coyotes,Philadelphia Flyers,2.0,5.0,0
2018-11-05,Boston Bruins,Dallas Stars,2.0,1.0,1
2018-11-05,New York Islanders,Montreal Canadiens,3.0,4.0,1
2018-11-05,Pittsburgh Penguins,New Jersey Devils,1.0,5.0,0
2018-11-05,Washington Capitals,Edmonton Oilers,4.0,2.0,0
2018-11-06,Columbus Blue Jackets,Dallas Stars,4.0,1.0,0
2018-11-06,Detroit Red Wings,Vancouver Canucks,3.0,2.0,1
2018-11-06,Los Angeles Kings,Anaheim Ducks,4.0,1.0,0
2018-11-06,New York Rangers,Montreal Canadiens,5.0,3.0,0
2018-11-06,Ottawa Senators,New Jersey Devils,7.0,3.0,0
2018-11-06,San Jose Sharks,Minnesota Wild,4.0,3.0,0
2018-11-06,St. Louis Blues,Carolina Hurricanes,4.0,1.0,0
2018-11-06,Tampa Bay Lightning,Edmonton Oilers,5.0,2.0,0
2018-11-06,Toronto Maple Leafs,Vegas Golden Knights,3.0,1.0,0
2018-11-07,Anaheim Ducks,Calgary Flames,3.0,2.0,0
2018-11-07,Colorado Avalanche,Nashville Predators,1.0,4.0,0
2018-11-07,Washington Capitals,Pittsburgh Penguins,2.0,1.0,0
2018-11-08,Boston Bruins,Vancouver Canucks,5.0,8.0,0
2018-11-08,Chicago Blackhawks,Carolina Hurricanes,3.0,4.0,0
2018-11-08,Dallas Stars,San Jose Sharks,4.0,3.0,0
2018-11-08,Florida Panthers,Edmonton Oilers,4.0,1.0,0
2018-11-08,Los Angeles Kings,Minnesota Wild,1.0,3.0,0
2018-11-08,Montreal Canadiens,Buffalo Sabres,5.0,6.0,1
2018-11-08,Ottawa Senators,Vegas Golden Knights,3.0,5.0,0
2018-11-08,Philadelphia Flyers,Arizona Coyotes,5.0,4.0,1
2018-11-08,Tampa Bay Lightning,New York Islanders,4.0,2.0,0
2018-11-09,Anaheim Ducks,Minnesota Wild,1.0,5.0,0
2018-11-09,Detroit Red Wings,New York Rangers,3.0,2.0,1
2018-11-09,St. Louis Blues,San Jose Sharks,4.0,0.0,0
2018-11-09,Toronto Maple Leafs,New Jersey Devils,6.0,1.0,0
2018-11-09,Winnipeg Jets,Colorado Avalanche,5.0,2.0,0
2018-11-09,Washington Capitals,Columbus Blue Jackets,1.0,2.0,0
2018-11-10,Boston Bruins,Toronto Maple Leafs,5.0,1.0,0
2018-11-10,Buffalo Sabres,Vancouver Canucks,4.0,3.0,1
2018-11-10,Carolina Hurricanes,Detroit Red Wings,3.0,4.0,1
2018-11-10,Columbus Blue Jackets,New York Rangers,4.0,5.0,1
2018-11-10,Dallas Stars,Nashville Predators,4.0,5.0,1
2018-11-10,Florida Panthers,New York Islanders,4.0,2.0,0
2018-11-10,Los Angeles Kings,Calgary Flames,0.0,1.0,0
2018-11-10,Montreal Canadiens,Vegas Golden Knights,5.0,4.0,0
2018-11-10,Philadelphia Flyers,Chicago Blackhawks,4.0,0.0,0
2018-11-10,Pittsburgh Penguins,Arizona Coyotes,4.0,0.0,0
2018-11-10,Tampa Bay Lightning,Ottawa Senators,4.0,6.0,0
2018-11-11,Boston Bruins,Vegas Golden Knights,4.0,1.0,0
2018-11-11,Edmonton Oilers,Colorado Avalanche,1.0,4.0,0
2018-11-11,Florida Panthers,Ottawa Senators,5.0,1.0,0
2018-11-11,San Jose Sharks,Calgary Flames,3.0,1.0,0
2018-11-11,St. Louis Blues,Minnesota Wild,2.0,3.0,0
2018-11-11,Winnipeg Jets,New Jersey Devils,5.0,2.0,0
2018-11-11,Washington Capitals,Arizona Coyotes,1.0,4.0,0
2018-11-12,Anaheim Ducks,Nashville Predators,2.0,1.0,1
2018-11-12,Carolina Hurricanes,Chicago Blackhawks,3.0,2.0,1
2018-11-12,Dallas Stars,Columbus Blue Jackets,1.0,2.0,0
2018-11-12,New York Rangers,Vancouver Canucks,2.0,1.0,0
2018-11-13,Buffalo Sabres,Tampa Bay Lightning,2.0,1.0,0
2018-11-13,Detroit Red Wings,Arizona Coyotes,6.0,1.0,0
2018-11-13,Edmonton Oilers,Montreal Canadiens,6.0,2.0,0
2018-11-13,Los Angeles Kings,Toronto Maple Leafs,1.0,5.0,0
2018-11-13,Minnesota Wild,Washington Capitals,2.0,5.0,0
2018-11-13,New Jersey Devils,Pittsburgh Penguins,4.0,2.0,0
2018-11-13,New York Islanders,Vancouver Canucks,5.0,2.0,0
2018-11-13,Philadelphia Flyers,Florida Panthers,1.0,2.0,0
2018-11-13,San Jose Sharks,Nashville Predators,5.0,4.0,0
2018-11-14,Chicago Blackhawks,St. Louis Blues,1.0,0.0,0
2018-11-14,Colorado Avalanche,Boston Bruins,6.0,3.0,0
2018-11-14,Vegas Golden Knights,Anaheim Ducks,5.0,0.0,0
2018-11-14,Winnipeg Jets,Washington Capitals,3.0,1.0,0
2018-11-15,Arizona Coyotes,Nashville Predators,2.0,1.0,0
2018-11-15,Columbus Blue Jackets,Florida Panthers,7.0,3.0,0
2018-11-15,Calgary Flames,Montreal Canadiens,2.0,3.0,0
2018-11-15,Minnesota Wild,Vancouver Canucks,6.0,2.0,0
2018-11-15,New York Islanders,New York Rangers,7.0,5.0,0
2018-11-15,Ottawa Senators,Detroit Red Wings,2.0,1.0,0
2018-11-15,Philadelphia Flyers,New Jersey Devils,0.0,3.0,0
2018-11-15,Pittsburgh Penguins,Tampa Bay Lightning,3.0,4.0,0
2018-11-15,San Jose Sharks,Toronto Maple Leafs,3.0,5.0,0
2018-11-16,Anaheim Ducks,Toronto Maple Leafs,1.0,2.0,1
2018-11-16,Chicago Blackhawks,Los Angeles Kings,1.0,2.0,1
2018-11-16,Colorado Avalanche,Washington Capitals,2.0,3.0,1
2018-11-16,Dallas Stars,Boston Bruins,1.0,0.0,1
2018-11-16,Vegas Golden Knights,St. Louis Blues,1.0,4.0,0
2018-11-16,Winnipeg Jets,Buffalo Sabres,1.0,2.0,1
2018-11-17,Arizona Coyotes,Boston Bruins,1.0,2.0,0
2018-11-17,Carolina Hurricanes,Columbus Blue Jackets,1.0,4.0,0
2018-11-17,Calgary Flames,Edmonton Oilers,4.0,2.0,0
2018-11-17,Minnesota Wild,Buffalo Sabres,2.0,3.0,0
2018-11-17,New Jersey Devils,Detroit Red Wings,2.0,3.0,1
2018-11-17,Nashville Predators,Los Angeles Kings,5.0,3.0,0
2018-11-17,New York Rangers,Florida Panthers,4.0,2.0,0
2018-11-17,Ottawa Senators,Pittsburgh Penguins,6.0,4.0,0
2018-11-17,Philadelphia Flyers,Tampa Bay Lightning,5.0,6.0,1
2018-11-17,San Jose Sharks,St. Louis Blues,4.0,0.0,0
2018-11-17,Vancouver Canucks,Montreal Canadiens,2.0,3.0,0
2018-11-18,Anaheim Ducks,Colorado Avalanche,3.0,4.0,1
2018-11-18,Carolina Hurricanes,New Jersey Devils,2.0,1.0,0
2018-11-18,Chicago Blackhawks,Minnesota Wild,3.0,1.0,0
2018-11-18,Edmonton Oilers,Vegas Golden Knights,3.0,6.0,0
2018-11-18,New York Islanders,Dallas Stars,2.0,6.0,0
2018-11-19,Calgary Flames,Vegas Golden Knights,7.0,2.0,0
2018-11-19,Montreal Canadiens,Washington Capitals,4.0,5.0,1
2018-11-19,Nashville Predators,Tampa Bay Lightning,3.0,2.0,0
2018-11-19,New York Rangers,Dallas Stars,2.0,1.0,0
2018-11-19,Ottawa Senators,Florida Panthers,5.0,7.0,0
2018-11-19,Pittsburgh Penguins,Buffalo Sabres,4.0,5.0,1
2018-11-19,St. Louis Blues,Los Angeles Kings,0.0,2.0,0
2018-11-19,Toronto Maple Leafs,Columbus Blue Jackets,4.0,2.0,0
2018-11-19,Vancouver Canucks,Winnipeg Jets,3.0,6.0,0
2018-11-20,San Jose Sharks,Edmonton Oilers,3.0,4.0,1
2018-11-21,Anaheim Ducks,Vancouver Canucks,4.0,3.0,0
2018-11-21,Arizona Coyotes,Vegas Golden Knights,2.0,3.0,1
2018-11-21,Buffalo Sabres,Philadelphia Flyers,5.0,2.0,0
2018-11-21,Carolina Hurricanes,Toronto Maple Leafs,5.0,2.0,0
2018-11-21,Calgary Flames,Winnipeg Jets,6.0,3.0,0
2018-11-21,Detroit Red Wings,Boston Bruins,3.0,2.0,1
2018-11-21,Los Angeles Kings,Colorado Avalanche,3.0,7.0,0
2018-11-21,Minnesota Wild,Ottawa Senators,6.0,4.0,0
2018-11-21,New Jersey Devils,Montreal Canadiens,5.0,2.0,0
2018-11-21,Nashville Predators,St. Louis Blues,4.0,1.0,0
2018-11-21,New York Rangers,New York Islanders,5.0,0.0,0
2018-11-21,Pittsburgh Penguins,Dallas Stars,5.0,1.0,0
2018-11-21,Tampa Bay Lightning,Florida Panthers,7.0,3.0,0
2018-11-21,Washington Capitals,Chicago Blackhawks,4.0,2.0,0
2018-11-23,Anaheim Ducks,Edmonton Oilers,2.0,1.0,1
2018-11-23,Arizona Coyotes,Colorado Avalanche,1.0,5.0,0
2018-11-23,Boston Bruins,Pittsburgh Penguins,2.0,1.0,1
2018-11-23,Buffalo Sabres,Montreal Canadiens,3.0,2.0,1
2018-11-23,Carolina Hurricanes,Florida Panthers,4.0,1.0,0
2018-11-23,Columbus Blue Jackets,Toronto Maple Leafs,4.0,2.0,0
2018-11-23,Dallas Stars,Ottawa Senators,6.0,4.0,0
2018-11-23,Minnesota Wild,Winnipeg Jets,4.0,2.0,0
2018-11-23,New Jersey Devils,New York Islanders,3.0,4.0,1
2018-11-23,Philadelphia Flyers,New York Rangers,4.0,0.0,0
2018-11-23,San Jose Sharks,Vancouver Canucks,4.0,0.0,0
2018-11-23,St. Louis Blues,Nashville Predators,6.0,2.0,0
2018-11-23,Tampa Bay Lightning,Chicago Blackhawks,4.0,2.0,0
2018-11-23,Vegas Golden Knights,Calgary Flames,2.0,0.0,0
2018-11-23,Washington Capitals,Detroit Red Wings,3.0,1.0,0
2018-11-24,Colorado Avalanche,Dallas Stars,3.0,2.0,0
2018-11-24,Detroit Red Wings,Buffalo Sabres,2.0,3.0,1
2018-11-24,Florida Panthers,Chicago Blackhawks,4.0,5.0,1
2018-11-24,Los Angeles Kings,Vancouver Canucks,2.0,4.0,0
2018-11-24,Montreal Canadiens,Boston Bruins,2.0,3.0,0
2018-11-24,New York Islanders,Carolina Hurricanes,4.0,1.0,0
2018-11-24,New York Rangers,Washington Capitals,3.0,5.0,0
2018-11-24,Pittsburgh Penguins,Columbus Blue Jackets,4.0,2.0,0
2018-11-24,St. Louis Blues,Winnipeg Jets,4.0,8.0,0
2018-11-24,Toronto Maple Leafs,Philadelphia Flyers,6.0,0.0,0
2018-11-24,Vegas Golden Knights,San Jose Sharks,6.0,0.0,0
2018-11-25,Arizona Coyotes,Calgary Flames,1.0,6.0,0
2018-11-25,Los Angeles Kings,Edmonton Oilers,5.0,2.0,0
2018-11-25,Nashville Predators,Anaheim Ducks,5.0,2.0,0
2018-11-25,Tampa Bay Lightning,New Jersey Devils,5.0,2.0,0
2018-11-26,Detroit Red Wings,Columbus Blue Jackets,5.0,7.0,0
2018-11-26,Florida Panthers,New Jersey Devils,4.0,3.0,1
2018-11-26,New York Islanders,Washington Capitals,1.0,4.0,0
2018-11-26,New York Rangers,Ottawa Senators,4.0,2.0,0
2018-11-26,Toronto Maple Leafs,Boston Bruins,4.0,2.0,0
2018-11-27,Buffalo Sabres,San Jose Sharks,3.0,2.0,1
2018-11-27,Chicago Blackhawks,Vegas Golden Knights,3.0,8.0,0
2018-11-27,Edmonton Oilers,Dallas Stars,1.0,0.0,1
2018-11-27,Minnesota Wild,Arizona Coyotes,3.0,4.0,0
2018-11-27,Montreal Canadiens,Carolina Hurricanes,1.0,2.0,0
2018-11-27,Nashville Predators,Colorado Avalanche,2.0,3.0,0
2018-11-27,Philadelphia Flyers,Ottawa Senators,3.0,4.0,0
2018-11-27,Tampa Bay Lightning,Anaheim Ducks,1.0,3.0,0
2018-11-27,Vancouver Canucks,Los Angeles Kings,1.0,2.0,1
2018-11-27,Winnipeg Jets,Pittsburgh Penguins,3.0,4.0,0
2018-11-28,Calgary Flames,Dallas Stars,3.0,4.0,1
2018-11-28,Colorado Avalanche,Pittsburgh Penguins,6.0,3.0,0
2018-11-28,Detroit Red Wings,St. Louis Blues,4.0,3.0,0
2018-11-28,Florida Panthers,Anaheim Ducks,2.0,3.0,0
2018-11-28,Toronto Maple Leafs,San Jose Sharks,5.0,3.0,0
2018-11-29,Boston Bruins,New York Islanders,2.0,1.0,1
2018-11-29,Columbus Blue Jackets,Minnesota Wild,4.0,2.0,0
2018-11-29,Edmonton Oilers,Los Angeles Kings,3.0,2.0,0
2018-11-29,Nashville Predators,Arizona Coyotes,0.0,3.0,0
2018-11-29,Ottawa Senators,New York Rangers,3.0,0.0,0
2018-11-29,Tampa Bay Lightning,Buffalo Sabres,5.0,4.0,0
2018-11-29,Vancouver Canucks,Vegas Golden Knights,3.0,4.0,0
2018-11-29,Winnipeg Jets,Chicago Blackhawks,6.0,5.0,0
2018-11-30,Carolina Hurricanes,Anaheim Ducks,1.0,2.0,1
2018-11-30,Calgary Flames,Los Angeles Kings,4.0,1.0,0
2018-11-30,Colorado Avalanche,St. Louis Blues,2.0,3.0,1
2018-11-30,Florida Panthers,Buffalo Sabres,3.0,2.0,1
2018-11-30,Washington Capitals,New Jersey Devils,6.0,3.0,0
2018-12-01,Arizona Coyotes,St. Louis Blues,6.0,1.0,0
2018-12-01,Boston Bruins,Detroit Red Wings,2.0,4.0,0
2018-12-01,Edmonton Oilers,Vegas Golden Knights,2.0,1.0,0
2018-12-01,Florida Panthers,Tampa Bay Lightning,4.0,5.0,1
2018-12-01,Minnesota Wild,Toronto Maple Leafs,3.0,5.0,0
2018-12-01,Montreal Canadiens,New York Rangers,5.0,2.0,0
2018-12-01,New Jersey Devils,Winnipeg Jets,3.0,4.0,1
2018-12-01,Nashville Predators,Chicago Blackhawks,5.0,2.0,0
2018-12-01,New York Islanders,Columbus Blue Jackets,3.0,2.0,0
2018-12-01,Ottawa Senators,San Jose Sharks,6.0,2.0,0
2018-12-01,Pittsburgh Penguins,Philadelphia Flyers,2.0,4.0,0
2018-12-01,Vancouver Canucks,Dallas Stars,1.0,2.0,0
2018-12-02,Chicago Blackhawks,Calgary Flames,2.0,3.0,0
2018-12-02,Detroit Red Wings,Colorado Avalanche,0.0,2.0,0
2018-12-02,Los Angeles Kings,Carolina Hurricanes,2.0,0.0,0
2018-12-02,Montreal Canadiens,San Jose Sharks,1.0,3.0,0
2018-12-02,New York Rangers,Winnipeg Jets,3.0,4.0,1
2018-12-02,Washington Capitals,Anaheim Ducks,5.0,6.0,0
2018-12-03,Dallas Stars,Edmonton Oilers,4.0,1.0,0
2018-12-03,New Jersey Devils,Tampa Bay Lightning,1.0,5.0,0
2018-12-03,Nashville Predators,Buffalo Sabres,2.0,1.0,0
2018-12-04,Buffalo Sabres,Toronto Maple Leafs,3.0,4.0,1
2018-12-04,Columbus Blue Jackets,Calgary Flames,6.0,9.0,0
2018-12-04,Detroit Red Wings,Tampa Bay Lightning,5.0,6.0,1
2018-12-04,Florida Panthers,Boston Bruins,5.0,0.0,0
2018-12-04,Los Angeles Kings,Arizona Coyotes,1.0,2.0,0
2018-12-04,Montreal Canadiens,Ottawa Senators,5.0,2.0,0
2018-12-04,New York Islanders,Winnipeg Jets,1.0,3.0,0
2018-12-04,Pittsburgh Penguins,Colorado Avalanche,6.0,3.0,0
2018-12-04,Vancouver Canucks,Minnesota Wild,2.0,3.0,0
2018-12-04,Vegas Golden Knights,Washington Capitals,5.0,3.0,0
2018-12-05,Anaheim Ducks,Chicago Blackhawks,4.0,2.0,0
2018-12-05,San Jose Sharks,Carolina Hurricanes,5.0,1.0,0
2018-12-05,St. Louis Blues,Edmonton Oilers,2.0,3.0,1
2018-12-06,Arizona Coyotes,Washington Capitals,2.0,4.0,0
2018-12-06,Calgary Flames,Minnesota Wild,2.0,0.0,0
2018-12-06,Florida Panthers,Colorado Avalanche,2.0,5.0,0
2018-12-06,Los Angeles Kings,New Jersey Devils,3.0,6.0,0
2018-12-06,Ottawa Senators,Montreal Canadiens,2.0,5.0,0
2018-12-06,Philadelphia Flyers,Columbus Blue Jackets,3.0,4.0,1
2018-12-06,Pittsburgh Penguins,New York Islanders,6.0,2.0,0
2018-12-06,Tampa Bay Lightning,Boston Bruins,3.0,2.0,0
2018-12-06,Toronto Maple Leafs,Detroit Red Wings,4.0,5.0,1
2018-12-06,Vancouver Canucks,Nashville Predators,5.0,3.0,0
2018-12-06,Vegas Golden Knights,Chicago Blackhawks,4.0,3.0,0
2018-12-07,Anaheim Ducks,Carolina Hurricanes,1.0,4.0,0
2018-12-07,Dallas Stars,San Jose Sharks,3.0,2.0,0
2018-12-07,Edmonton Oilers,Minnesota Wild,7.0,2.0,0
2018-12-07,Winnipeg Jets,St. Louis Blues,0.0,1.0,0
2018-12-08,Arizona Coyotes,San Jose Sharks,3.0,5.0,0
2018-12-08,Boston Bruins,Toronto Maple Leafs,6.0,3.0,0
2018-12-08,Buffalo Sabres,Philadelphia Flyers,2.0,6.0,0
2018-12-08,Columbus Blue Jackets,Washington Capitals,0.0,4.0,0
2018-12-08,Calgary Flames,Nashville Predators,5.0,2.0,0
2018-12-08,Detroit Red Wings,New York Islanders,2.0,3.0,0
2018-12-08,Florida Panthers,New York Rangers,4.0,5.0,1
2018-12-08,Los Angeles Kings,Vegas Golden Knights,5.0,1.0,0
2018-12-08,Ottawa Senators,Pittsburgh Penguins,2.0,1.0,1
2018-12-08,Tampa Bay Lightning,Colorado Avalanche,7.0,1.0,0
2018-12-09,Anaheim Ducks,New Jersey Devils,6.0,5.0,1
2018-12-09,Chicago Blackhawks,Montreal Canadiens,2.0,3.0,0
2018-12-09,Edmonton Oilers,Calgary Flames,1.0,0.0,0
2018-12-09,Ottawa Senators,Boston Bruins,1.0,2.0,1
2018-12-09,St. Louis Blues,Vancouver Canucks,1.0,6.0,0
2018-12-09,Vegas Golden Knights,Dallas Stars,4.0,2.0,0
2018-12-09,Winnipeg Jets,Philadelphia Flyers,7.0,1.0,0
2018-12-10,Detroit Red Wings,Los Angeles Kings,3.0,1.0,0
2018-12-10,New York Islanders,Pittsburgh Penguins,1.0,2.0,1
2018-12-10,San Jose Sharks,New Jersey Devils,5.0,2.0,0
2018-12-10,Tampa Bay Lightning,New York Rangers,6.0,3.0,0
2018-12-11,Boston Bruins,Arizona Coyotes,4.0,3.0,0
2018-12-11,Buffalo Sabres,Los Angeles Kings,4.0,3.0,1
2018-12-11,Carolina Hurricanes,Toronto Maple Leafs,1.0,4.0,0
2018-12-11,Columbus Blue Jackets,Vancouver Canucks,2.0,3.0,0
2018-12-11,Colorado Avalanche,Edmonton Oilers,4.0,6.0,0
2018-12-11,Minnesota Wild,Montreal Canadiens,7.0,1.0,0
2018-12-11,Nashville Predators,Ottawa Senators,3.0,1.0,0
2018-12-11,St. Louis Blues,Florida Panthers,4.0,3.0,0
2018-12-11,Winnipeg Jets,Chicago Blackhawks,6.0,3.0,0
2018-12-11,Washington Capitals,Detroit Red Wings,6.0,2.0,0
2018-12-12,Anaheim Ducks,Dallas Stars,6.0,3.0,0
2018-12-12,Calgary Flames,Philadelphia Flyers,6.0,5.0,1
2018-12-12,Chicago Blackhawks,Pittsburgh Penguins,6.0,3.0,0
2018-12-12,New York Islanders,Vegas Golden Knights,2.0,3.0,0
2018-12-13,Buffalo Sabres,Arizona Coyotes,3.0,1.0,0
2018-12-13,Columbus Blue Jackets,Los Angeles Kings,4.0,1.0,0
2018-12-13,Minnesota Wild,Florida Panthers,5.0,1.0,0
2018-12-13,Montreal Canadiens,Carolina Hurricanes,6.0,4.0,0
2018-12-13,Nashville Predators,Vancouver Canucks,4.0,3.0,1
2018-12-13,San Jose Sharks,Dallas Stars,3.0,2.0,0
2018-12-13,Tampa Bay Lightning,Toronto Maple Leafs,4.0,1.0,0
2018-12-13,Winnipeg Jets,Edmonton Oilers,5.0,4.0,1
2018-12-14,Carolina Hurricanes,Washington Capitals,5.0,6.0,1
2018-12-14,Chicago Blackhawks,Winnipeg Jets,3.0,4.0,1
2018-12-14,Detroit Red Wings,Ottawa Senators,2.0,4.0,0
2018-12-14,Edmonton Oilers,Philadelphia Flyers,4.0,1.0,0
2018-12-14,New Jersey Devils,Vegas Golden Knights,5.0,4.0,1
2018-12-14,New York Rangers,Arizona Coyotes,3.0,4.0,1
2018-12-14,Pittsburgh Penguins,Boston Bruins,5.0,3.0,0
2018-12-14,St. Louis Blues,Colorado Avalanche,4.0,3.0,1
2018-12-15,Columbus Blue Jackets,Anaheim Ducks,1.0,2.0,1
2018-12-15,Colorado Avalanche,Dallas Stars,6.0,4.0,0
2018-12-15,Florida Panthers,Toronto Maple Leafs,4.0,3.0,1
2018-12-15,Minnesota Wild,Calgary Flames,1.0,2.0,0
2018-12-15,Montreal Canadiens,Ottawa Senators,5.0,2.0,0
2018-12-15,Nashville Predators,New Jersey Devils,2.0,1.0,1
2018-12-15,New York Islanders,Detroit Red Wings,4.0,3.0,1
2018-12-15,Pittsburgh Penguins,Los Angeles Kings,4.0,3.0,1
2018-12-15,Vancouver Canucks,Philadelphia Flyers,5.0,1.0,0
2018-12-15,Washington Capitals,Buffalo Sabres,4.0,3.0,1
2018-12-16,Boston Bruins,Buffalo Sabres,2.0,4.0,0
2018-12-16,Carolina Hurricanes,Arizona Coyotes,3.0,0.0,0
2018-12-16,Chicago Blackhawks,San Jose Sharks,3.0,7.0,0
2018-12-16,New York Rangers,Vegas Golden Knights,3.0,4.0,1
2018-12-16,St. Louis Blues,Calgary Flames,2.0,7.0,0
2018-12-16,Vancouver Canucks,Edmonton Oilers,4.0,2.0,0
2018-12-16,Winnipeg Jets,Tampa Bay Lightning,5.0,4.0,1
2018-12-17,Columbus Blue Jackets,Vegas Golden Knights,1.0,0.0,0
2018-12-17,Colorado Avalanche,New York Islanders,1.0,4.0,0
2018-12-17,Montreal Canadiens,Boston Bruins,0.0,4.0,0
2018-12-17,Ottawa Senators,Nashville Predators,4.0,3.0,1
2018-12-17,Pittsburgh Penguins,Anaheim Ducks,2.0,4.0,0
2018-12-18,Arizona Coyotes,New York Islanders,1.0,3.0,0
2018-12-18,Buffalo Sabres,Florida Panthers,2.0,5.0,0
2018-12-18,Chicago Blackhawks,Nashville Predators,2.0,1.0,0
2018-12-18,Dallas Stars,Calgary Flames,2.0,0.0,0
2018-12-18,Edmonton Oilers,St. Louis Blues,1.0,4.0,0
2018-12-18,Los Angeles Kings,Winnipeg Jets,4.0,1.0,0
2018-12-18,Minnesota Wild,San Jose Sharks,0.0,4.0,0
2018-12-18,New Jersey Devils,Toronto Maple Leafs,2.0,7.0,0
2018-12-18,New York Rangers,Anaheim Ducks,3.0,1.0,0
2018-12-18,Philadelphia Flyers,Detroit Red Wings,3.0,2.0,0
2018-12-18,Vancouver Canucks,Tampa Bay Lightning,2.0,5.0,0
2018-12-19,Colorado Avalanche,Montreal Canadiens,2.0,1.0,0
2018-12-19,Washington Capitals,Pittsburgh Penguins,1.0,2.0,0
2018-12-20,Arizona Coyotes,Montreal Canadiens,1.0,2.0,0
2018-12-20,Boston Bruins,Anaheim Ducks,3.0,1.0,0
2018-12-20,Carolina Hurricanes,Detroit Red Wings,1.0,4.0,0
2018-12-20,Columbus Blue Jackets,New Jersey Devils,2.0,1.0,0
2018-12-20,Calgary Flames,Tampa Bay Lightning,4.0,5.0,1
2018-12-20,Dallas Stars,Chicago Blackhawks,2.0,5.0,0
2018-12-20,Philadelphia Flyers,Nashville Predators,2.0,1.0,0
2018-12-20,Pittsburgh Penguins,Minnesota Wild,2.0,1.0,0
2018-12-20,San Jose Sharks,Winnipeg Jets,3.0,5.0,0
2018-12-20,Toronto Maple Leafs,Florida Panthers,6.0,1.0,0
2018-12-20,Vancouver Canucks,St. Louis Blues,5.0,1.0,0
2018-12-20,Vegas Golden Knights,New York Islanders,4.0,2.0,0
2018-12-21,Colorado Avalanche,Chicago Blackhawks,1.0,2.0,0
2018-12-21,New Jersey Devils,Ottawa Senators,5.0,2.0,0
2018-12-21,Washington Capitals,Buffalo Sabres,2.0,1.0,0
2018-12-22,Arizona Coyotes,Colorado Avalanche,6.0,4.0,0
2018-12-22,Boston Bruins,Nashville Predators,5.0,2.0,0
2018-12-22,Buffalo Sabres,Anaheim Ducks,3.0,0.0,0
2018-12-22,Carolina Hurricanes,Pittsburgh Penguins,0.0,3.0,0
2018-12-22,Calgary Flames,St. Louis Blues,1.0,3.0,0
2018-12-22,Detroit Red Wings,Florida Panthers,1.0,2.0,0
2018-12-22,Edmonton Oilers,Tampa Bay Lightning,3.0,6.0,0
2018-12-22,Minnesota Wild,Dallas Stars,1.0,2.0,1
2018-12-22,Ottawa Senators,Washington Capitals,0.0,4.0,0
2018-12-22,Philadelphia Flyers,Columbus Blue Jackets,3.0,4.0,0
2018-12-22,San Jose Sharks,Los Angeles Kings,2.0,3.0,1
2018-12-22,Toronto Maple Leafs,New York Rangers,5.0,3.0,0
2018-12-22,Vancouver Canucks,Winnipeg Jets,0.0,1.0,0
2018-12-22,Vegas Golden Knights,Montreal Canadiens,3.0,4.0,1
2018-12-23,Carolina Hurricanes,Boston Bruins,5.0,3.0,0
2018-12-23,Chicago Blackhawks,Florida Panthers,3.0,6.0,0
2018-12-23,Dallas Stars,New York Islanders,1.0,3.0,0
2018-12-23,New Jersey Devils,Columbus Blue Jackets,0.0,3.0,0
2018-12-23,New York Rangers,Philadelphia Flyers,2.0,3.0,1
2018-12-23,San Jose Sharks,Arizona Coyotes,3.0,4.0,1
2018-12-23,Toronto Maple Leafs,Detroit Red Wings,5.0,4.0,1
2018-12-23,Vegas Golden Knights,Los Angeles Kings,3.0,4.0,1
2018-12-27,Boston Bruins,New Jersey Devils,2.0,5.0,0
2018-12-27,Chicago Blackhawks,Minnesota Wild,5.0,2.0,0
2018-12-27,Edmonton Oilers,Vancouver Canucks,2.0,4.0,0
2018-12-27,Los Angeles Kings,Arizona Coyotes,2.0,1.0,0
2018-12-27,Nashville Predators,Dallas Stars,0.0,2.0,0
2018-12-27,New York Rangers,Columbus Blue Jackets,3.0,4.0,1
2018-12-27,Pittsburgh Penguins,Detroit Red Wings,5.0,2.0,0
2018-12-27,San Jose Sharks,Anaheim Ducks,4.0,2.0,0
2018-12-27,St. Louis Blues,Buffalo Sabres,4.0,1.0,0
2018-12-27,Tampa Bay Lightning,Philadelphia Flyers,6.0,5.0,1
2018-12-27,Vegas Golden Knights,Colorado Avalanche,2.0,1.0,0
2018-12-27,Winnipeg Jets,Calgary Flames,1.0,4.0,0
2018-12-27,Washington Capitals,Carolina Hurricanes,3.0,1.0,0
2018-12-28,Columbus Blue Jackets,Toronto Maple Leafs,2.0,4.0,0
2018-12-28,Florida Panthers,Montreal Canadiens,3.0,5.0,0
2018-12-28,New York Islanders,Ottawa Senators,6.0,3.0,0
2018-12-29,Anaheim Ducks,Arizona Coyotes,4.0,5.0,1
2018-12-29,Buffalo Sabres,Boston Bruins,2.0,3.0,1
2018-12-29,Calgary Flames,Vancouver Canucks,2.0,3.0,1
2018-12-29,Colorado Avalanche,Chicago Blackhawks,2.0,3.0,1
2018-12-29,Dallas Stars,Detroit Red Wings,5.0,1.0,0
2018-12-29,Edmonton Oilers,San Jose Sharks,4.0,7.0,0
2018-12-29,Florida Panthers,Philadelphia Flyers,2.0,1.0,0
2018-12-29,Los Angeles Kings,Vegas Golden Knights,1.0,4.0,0
2018-12-29,New Jersey Devils,Carolina Hurricanes,2.0,0.0,0
2018-12-29,Nashville Predators,New York Rangers,3.0,4.0,0
2018-12-29,Ottawa Senators,Washington Capitals,2.0,3.0,0
2018-12-29,St. Louis Blues,Pittsburgh Penguins,1.0,6.0,0
2018-12-29,Tampa Bay Lightning,Montreal Canadiens,6.0,5.0,0
2018-12-29,Toronto Maple Leafs,New York Islanders,0.0,4.0,0
2018-12-29,Winnipeg Jets,Minnesota Wild,1.0,3.0,0
2018-12-30,Arizona Coyotes,Vegas Golden Knights,1.0,5.0,0
2018-12-31,Anaheim Ducks,Tampa Bay Lightning,1.0,2.0,1
2018-12-31,Buffalo Sabres,New York Islanders,1.0,3.0,0
2018-12-31,Carolina Hurricanes,Philadelphia Flyers,3.0,1.0,0
2018-12-31,Columbus Blue Jackets,Ottawa Senators,6.0,3.0,0
2018-12-31,Calgary Flames,San Jose Sharks,8.0,5.0,0
2018-12-31,Colorado Avalanche,Los Angeles Kings,2.0,3.0,1
2018-12-31,Dallas Stars,Montreal Canadiens,2.0,3.0,1
2018-12-31,Detroit Red Wings,Florida Panthers,3.0,4.0,1
2018-12-31,Edmonton Oilers,Winnipeg Jets,3.0,4.0,0
2018-12-31,Minnesota Wild,Pittsburgh Penguins,2.0,3.0,0
2018-12-31,New Jersey Devils,Vancouver Canucks,4.0,0.0,0
2018-12-31,St. Louis Blues,New York Rangers,1.0,2.0,0
2018-12-31,Washington Capitals,Nashville Predators,3.0,6.0,0
2019-01-01,Chicago Blackhawks,Boston Bruins,2.0,4.0,0
2019-01-01,Nashville Predators,Philadelphia Flyers,4.0,0.0,0
2019-01-01,Vegas Golden Knights,Los Angeles Kings,2.0,0.0,0
2019-01-02,Arizona Coyotes,Edmonton Oilers,1.0,3.0,0
2019-01-02,Colorado Avalanche,San Jose Sharks,4.0,5.0,0
2019-01-02,Dallas Stars,New Jersey Devils,5.0,4.0,0
2019-01-02,Detroit Red Wings,Calgary Flames,3.0,5.0,0
2019-01-02,New York Rangers,Pittsburgh Penguins,2.0,7.0,0
2019-01-02,Ottawa Senators,Vancouver Canucks,3.0,4.0,1
2019-01-03,Boston Bruins,Calgary Flames,6.0,4.0,0
2019-01-03,Buffalo Sabres,Florida Panthers,4.0,3.0,0
2019-01-03,Los Angeles Kings,Tampa Bay Lightning,2.0,6.0,0
2019-01-03,Montreal Canadiens,Vancouver Canucks,2.0,0.0,0
2019-01-03,New York Islanders,Chicago Blackhawks,3.0,2.0,1
2019-01-03,Philadelphia Flyers,Carolina Hurricanes,3.0,5.0,0
2019-01-03,St. Louis Blues,Washington Capitals,5.0,2.0,0
2019-01-03,Toronto Maple Leafs,Minnesota Wild,3.0,4.0,0
2019-01-04,Anaheim Ducks,Vegas Golden Knights,2.0,3.0,0
2019-01-04,Arizona Coyotes,New Jersey Devils,2.0,3.0,1
2019-01-04,Carolina Hurricanes,Columbus Blue Jackets,4.0,2.0,0
2019-01-04,Colorado Avalanche,New York Rangers,6.0,1.0,0
2019-01-04,Dallas Stars,Washington Capitals,2.0,1.0,1
2019-01-04,Detroit Red Wings,Nashville Predators,4.0,3.0,1
2019-01-04,Pittsburgh Penguins,Winnipeg Jets,4.0,0.0,0
2019-01-05,Boston Bruins,Buffalo Sabres,2.0,1.0,0
2019-01-05,Florida Panthers,Columbus Blue Jackets,3.0,4.0,1
2019-01-05,Los Angeles Kings,Edmonton Oilers,4.0,0.0,0
2019-01-05,Montreal Canadiens,Nashville Predators,1.0,4.0,0
2019-01-05,Ottawa Senators,Minnesota Wild,3.0,4.0,0
2019-01-05,Philadelphia Flyers,Calgary Flames,2.0,3.0,1
2019-01-05,San Jose Sharks,Tampa Bay Lightning,5.0,2.0,0
2019-01-05,St. Louis Blues,New York Islanders,3.0,4.0,0
2019-01-05,Toronto Maple Leafs,Vancouver Canucks,5.0,0.0,0
2019-01-06,Anaheim Ducks,Edmonton Oilers,0.0,4.0,0
2019-01-06,Arizona Coyotes,New York Rangers,5.0,0.0,0
2019-01-06,Detroit Red Wings,Washington Capitals,2.0,3.0,0
2019-01-06,Ottawa Senators,Carolina Hurricanes,4.0,5.0,0
2019-01-06,Pittsburgh Penguins,Chicago Blackhawks,3.0,5.0,0
2019-01-06,Vegas Golden Knights,New Jersey Devils,3.0,2.0,0
2019-01-06,Winnipeg Jets,Dallas Stars,5.0,1.0,0
2019-01-07,Chicago Blackhawks,Calgary Flames,3.0,4.0,0
2019-01-07,Montreal Canadiens,Minnesota Wild,0.0,1.0,0
2019-01-07,Philadelphia Flyers,St. Louis Blues,0.0,3.0,0
2019-01-07,San Jose Sharks,Los Angeles Kings,3.0,1.0,0
2019-01-07,Toronto Maple Leafs,Nashville Predators,0.0,4.0,0
2019-01-08,Boston Bruins,Minnesota Wild,4.0,0.0,0
2019-01-08,Buffalo Sabres,New Jersey Devils,5.0,1.0,0
2019-01-08,Detroit Red Wings,Montreal Canadiens,2.0,3.0,0
2019-01-08,New York Islanders,Carolina Hurricanes,3.0,4.0,0
2019-01-08,Pittsburgh Penguins,Florida Panthers,5.0,1.0,0
2019-01-08,San Jose Sharks,Edmonton Oilers,7.0,2.0,0
2019-01-08,St. Louis Blues,Dallas Stars,1.0,3.0,0
2019-01-08,Tampa Bay Lightning,Columbus Blue Jackets,4.0,0.0,0
2019-01-08,Vegas Golden Knights,New York Rangers,4.0,2.0,0
2019-01-08,Winnipeg Jets,Colorado Avalanche,7.0,4.0,0
2019-01-08,Washington Capitals,Philadelphia Flyers,5.0,3.0,0
2019-01-09,Anaheim Ducks,Ottawa Senators,1.0,2.0,1
2019-01-09,Calgary Flames,Colorado Avalanche,5.0,3.0,0
2019-01-09,Chicago Blackhawks,Nashville Predators,3.0,4.0,1
2019-01-10,Boston Bruins,Washington Capitals,2.0,4.0,0
2019-01-10,Columbus Blue Jackets,Nashville Predators,4.0,3.0,1
2019-01-10,Edmonton Oilers,Florida Panthers,4.0,3.0,1
2019-01-10,Los Angeles Kings,Ottawa Senators,1.0,4.0,0
2019-01-10,Minnesota Wild,Winnipeg Jets,3.0,2.0,0
2019-01-10,New Jersey Devils,Toronto Maple Leafs,2.0,4.0,0
2019-01-10,New York Rangers,New York Islanders,3.0,4.0,0
2019-01-10,Philadelphia Flyers,Dallas Stars,2.0,1.0,0
2019-01-10,St. Louis Blues,Montreal Canadiens,4.0,1.0,0
2019-01-10,Tampa Bay Lightning,Carolina Hurricanes,3.0,1.0,0
2019-01-10,Vancouver Canucks,Arizona Coyotes,3.0,4.0,1
2019-01-10,Vegas Golden Knights,San Jose Sharks,2.0,3.0,0
2019-01-11,Anaheim Ducks,Pittsburgh Penguins,4.0,7.0,0
2019-01-11,Carolina Hurricanes,Buffalo Sabres,4.0,3.0,0
2019-01-11,Calgary Flames,Florida Panthers,4.0,3.0,0
2019-01-11,Winnipeg Jets,Detroit Red Wings,4.0,2.0,0
2019-01-12,Buffalo Sabres,Tampa Bay Lightning,3.0,5.0,0
2019-01-12,Chicago Blackhawks,Vegas Golden Knights,3.0,4.0,1
2019-01-12,Dallas Stars,St. Louis Blues,1.0,3.0,0
2019-01-12,Edmonton Oilers,Arizona Coyotes,2.0,3.0,0
2019-01-12,Los Angeles Kings,Pittsburgh Penguins,5.0,2.0,0
2019-01-12,Minnesota Wild,Detroit Red Wings,2.0,5.0,0
2019-01-12,Montreal Canadiens,Colorado Avalanche,3.0,0.0,0
2019-01-12,New Jersey Devils,Philadelphia Flyers,3.0,2.0,0
2019-01-12,New York Islanders,New York Rangers,1.0,2.0,0
2019-01-12,San Jose Sharks,Ottawa Senators,4.0,1.0,0
2019-01-12,Toronto Maple Leafs,Boston Bruins,2.0,3.0,0
2019-01-12,Washington Capitals,Columbus Blue Jackets,1.0,2.0,1
2019-01-13,Carolina Hurricanes,Nashville Predators,6.0,3.0,0
2019-01-13,Columbus Blue Jackets,New York Rangers,7.0,5.0,0
2019-01-13,Calgary Flames,Arizona Coyotes,7.0,1.0,0
2019-01-13,New York Islanders,Tampa Bay Lightning,5.0,1.0,0
2019-01-13,Vancouver Canucks,Florida Panthers,5.0,1.0,0
2019-01-13,Winnipeg Jets,Anaheim Ducks,4.0,3.0,1
2019-01-14,Boston Bruins,Montreal Canadiens,2.0,3.0,1
2019-01-14,Edmonton Oilers,Buffalo Sabres,7.0,2.0,0
2019-01-14,New Jersey Devils,Chicago Blackhawks,8.0,5.0,0
2019-01-14,Philadelphia Flyers,Minnesota Wild,7.0,4.0,0
2019-01-14,Toronto Maple Leafs,Colorado Avalanche,3.0,6.0,0
2019-01-14,Washington Capitals,St. Louis Blues,1.0,4.0,0
2019-01-15,Columbus Blue Jackets,New Jersey Devils,4.0,1.0,0
2019-01-15,Dallas Stars,Tampa Bay Lightning,0.0,2.0,0
2019-01-15,Detroit Red Wings,Anaheim Ducks,3.0,1.0,0
2019-01-15,Minnesota Wild,Los Angeles Kings,3.0,2.0,1
2019-01-15,Montreal Canadiens,Florida Panthers,5.0,1.0,0
2019-01-15,Nashville Predators,Washington Capitals,7.0,2.0,0
2019-01-15,New York Islanders,St. Louis Blues,2.0,1.0,1
2019-01-15,New York Rangers,Carolina Hurricanes,6.0,2.0,0
2019-01-15,San Jose Sharks,Pittsburgh Penguins,5.0,2.0,0
2019-01-15,Winnipeg Jets,Vegas Golden Knights,4.0,1.0,0
2019-01-16,Arizona Coyotes,San Jose Sharks,6.0,3.0,0
2019-01-16,Calgary Flames,Buffalo Sabres,3.0,4.0,1
2019-01-16,Ottawa Senators,Colorado Avalanche,5.0,2.0,0
2019-01-16,Philadelphia Flyers,Boston Bruins,4.0,3.0,0
2019-01-16,Vancouver Canucks,Edmonton Oilers,2.0,3.0,1
2019-01-17,Boston Bruins,St. Louis Blues,5.0,2.0,0
2019-01-17,Dallas Stars,Los Angeles Kings,1.0,2.0,0
2019-01-17,Minnesota Wild,Anaheim Ducks,0.0,3.0,0
2019-01-17,Nashville Predators,Winnipeg Jets,1.0,5.0,0
2019-01-17,New York Islanders,New Jersey Devils,4.0,1.0,0
2019-01-17,New York Rangers,Chicago Blackhawks,4.0,3.0,0
2019-01-17,Tampa Bay Lightning,Toronto Maple Leafs,2.0,4.0,0
2019-01-18,Arizona Coyotes,Pittsburgh Penguins,2.0,3.0,1
2019-01-18,Carolina Hurricanes,Ottawa Senators,1.0,4.0,0
2019-01-18,Columbus Blue Jackets,Montreal Canadiens,1.0,4.0,0
2019-01-18,Calgary Flames,Detroit Red Wings,6.0,4.0,0
2019-01-18,Florida Panthers,Toronto Maple Leafs,3.0,1.0,0
2019-01-18,Vancouver Canucks,Buffalo Sabres,4.0,3.0,0
2019-01-18,Washington Capitals,New York Islanders,0.0,2.0,0
2019-01-19,Boston Bruins,New York Rangers,2.0,3.0,0
2019-01-19,Colorado Avalanche,Los Angeles Kings,7.0,1.0,0
2019-01-19,Dallas Stars,Winnipeg Jets,4.0,2.0,0
2019-01-19,Edmonton Oilers,Calgary Flames,2.0,5.0,0
2019-01-19,Minnesota Wild,Columbus Blue Jackets,2.0,1.0,0
2019-01-19,Montreal Canadiens,Philadelphia Flyers,2.0,5.0,0
2019-01-19,New Jersey Devils,Anaheim Ducks,2.0,3.0,0
2019-01-19,Nashville Predators,Florida Panthers,2.0,4.0,0
2019-01-19,St. Louis Blues,Ottawa Senators,3.0,2.0,0
2019-01-19,Tampa Bay Lightning,San Jose Sharks,6.0,3.0,0
2019-01-19,Vegas Golden Knights,Pittsburgh Penguins,7.0,3.0,0
2019-01-20,Chicago Blackhawks,Washington Capitals,8.0,5.0,0
2019-01-20,Edmonton Oilers,Carolina Hurricanes,4.0,7.0,0
2019-01-20,New York Islanders,Anaheim Ducks,3.0,0.0,0
2019-01-20,Toronto Maple Leafs,Arizona Coyotes,2.0,4.0,0
2019-01-20,Vancouver Canucks,Detroit Red Wings,3.0,2.0,0
2019-01-21,Colorado Avalanche,Nashville Predators,1.0,4.0,0
2019-01-21,Florida Panthers,San Jose Sharks,6.0,2.0,0
2019-01-21,Los Angeles Kings,St. Louis Blues,4.0,3.0,0
2019-01-21,Vegas Golden Knights,Minnesota Wild,2.0,4.0,0
2019-01-22,Calgary Flames,Carolina Hurricanes,3.0,2.0,1
2019-01-22,Chicago Blackhawks,New York Islanders,3.0,2.0,1
2019-01-22,Edmonton Oilers,Detroit Red Wings,2.0,3.0,0
2019-01-22,Ottawa Senators,Arizona Coyotes,2.0,3.0,0
2019-01-22,Washington Capitals,San Jose Sharks,6.0,7.0,1
2019-01-23,Anaheim Ducks,St. Louis Blues,1.0,5.0,0
2019-01-23,Colorado Avalanche,Minnesota Wild,2.0,5.0,0
2019-01-23,Montreal Canadiens,Arizona Coyotes,2.0,1.0,0
2019-01-23,Toronto Maple Leafs,Washington Capitals,6.0,3.0,0
2019-01-23,Vancouver Canucks,Carolina Hurricanes,2.0,5.0,0
2019-01-23,Vegas Golden Knights,Nashville Predators,1.0,2.0,0
2019-01-28,Philadelphia Flyers,Winnipeg Jets,3.0,1.0,0
2019-01-28,Pittsburgh Penguins,New Jersey Devils,3.0,6.0,0
2019-01-29,Boston Bruins,Winnipeg Jets,3.0,4.0,1
2019-01-29,Columbus Blue Jackets,Buffalo Sabres,4.0,5.0,0
2019-01-29,New York Rangers,Philadelphia Flyers,0.0,1.0,0
2019-01-30,Dallas Stars,Buffalo Sabres,1.0,0.0,0
2019-01-30,Pittsburgh Penguins,Tampa Bay Lightning,4.0,2.0,0
2019-01-31,Boston Bruins,Philadelphia Flyers,2.0,3.0,1
2019-01-31,New Jersey Devils,New York Rangers,3.0,4.0,0
2019-01-31,Winnipeg Jets,Columbus Blue Jackets,4.0,3.0,0
2019-02-01,Buffalo Sabres,Chicago Blackhawks,3.0,7.0,0
2019-02-01,Carolina Hurricanes,Vegas Golden Knights,5.0,2.0,0
2019-02-01,Dallas Stars,Minnesota Wild,3.0,1.0,0
2019-02-01,Detroit Red Wings,Toronto Maple Leafs,3.0,2.0,1
2019-02-01,Florida Panthers,Nashville Predators,1.0,4.0,0
2019-02-01,New York Islanders,Tampa Bay Lightning,0.0,1.0,1
2019-02-01,Pittsburgh Penguins,Ottawa Senators,5.0,3.0,0
2019-02-01,Washington Capitals,Calgary Flames,4.0,3.0,0
2019-02-02,Columbus Blue Jackets,St. Louis Blues,2.0,4.0,0
2019-02-02,Colorado Avalanche,Vancouver Canucks,1.0,5.0,0
2019-02-02,Florida Panthers,Vegas Golden Knights,3.0,1.0,0
2019-02-02,Minnesota Wild,Chicago Blackhawks,3.0,4.0,1
2019-02-02,Montreal Canadiens,New Jersey Devils,2.0,3.0,1
2019-02-02,Nashville Predators,Dallas Stars,1.0,3.0,0
2019-02-02,New York Islanders,Los Angeles Kings,4.0,2.0,0
2019-02-02,New York Rangers,Tampa Bay Lightning,2.0,3.0,0
2019-02-02,Ottawa Senators,Detroit Red Wings,0.0,2.0,0
2019-02-02,Philadelphia Flyers,Edmonton Oilers,5.0,4.0,1
2019-02-02,San Jose Sharks,Arizona Coyotes,3.0,2.0,1
2019-02-02,Toronto Maple Leafs,Pittsburgh Penguins,3.0,2.0,0
2019-02-02,Winnipeg Jets,Anaheim Ducks,9.0,3.0,0
2019-02-03,Carolina Hurricanes,Calgary Flames,3.0,4.0,0
2019-02-03,Montreal Canadiens,Edmonton Oilers,4.0,3.0,1
2019-02-03,Washington Capitals,Boston Bruins,0.0,1.0,0
2019-02-04,Dallas Stars,Arizona Coyotes,5.0,4.0,0
2019-02-04,New York Rangers,Los Angeles Kings,3.0,4.0,1
2019-02-04,Philadelphia Flyers,Vancouver Canucks,2.0,1.0,0
2019-02-04,Toronto Maple Leafs,Anaheim Ducks,6.0,1.0,0
2019-02-05,Boston Bruins,New York Islanders,3.0,1.0,0
2019-02-05,Buffalo Sabres,Minnesota Wild,5.0,4.0,1
2019-02-05,Colorado Avalanche,Columbus Blue Jackets,3.0,6.0,0
2019-02-05,Edmonton Oilers,Chicago Blackhawks,2.0,6.0,0
2019-02-05,Florida Panthers,St. Louis Blues,2.0,3.0,0
2019-02-05,Montreal Canadiens,Anaheim Ducks,4.0,1.0,0
2019-02-05,New Jersey Devils,Los Angeles Kings,1.0,5.0,0
2019-02-05,Nashville Predators,Arizona Coyotes,5.0,2.0,0
2019-02-05,Pittsburgh Penguins,Carolina Hurricanes,0.0,4.0,0
2019-02-05,Tampa Bay Lightning,Vegas Golden Knights,2.0,3.0,1
2019-02-05,Winnipeg Jets,San Jose Sharks,2.0,3.0,1
2019-02-05,Washington Capitals,Vancouver Canucks,3.0,2.0,0
2019-02-06,New York Rangers,Boston Bruins,4.0,3.0,1
2019-02-06,Toronto Maple Leafs,Ottawa Senators,5.0,4.0,0
2019-02-07,Arizona Coyotes,Columbus Blue Jackets,2.0,4.0,0
2019-02-07,Buffalo Sabres,Carolina Hurricanes,5.0,6.0,1
2019-02-07,Calgary Flames,San Jose Sharks,2.0,5.0,0
2019-02-07,Chicago Blackhawks,Vancouver Canucks,4.0,3.0,1
2019-02-07,Detroit Red Wings,Vegas Golden Knights,3.0,4.0,0
2019-02-07,Florida Panthers,Pittsburgh Penguins,3.0,2.0,1
2019-02-07,Minnesota Wild,Edmonton Oilers,1.0,4.0,0
2019-02-07,Montreal Canadiens,Winnipeg Jets,5.0,2.0,0
2019-02-07,New Jersey Devils,New York Islanders,1.0,2.0,1
2019-02-07,Nashville Predators,Dallas Stars,3.0,2.0,1
2019-02-07,Ottawa Senators,Anaheim Ducks,4.0,0.0,0
2019-02-07,Philadelphia Flyers,Los Angeles Kings,2.0,3.0,1
2019-02-07,Tampa Bay Lightning,St. Louis Blues,0.0,1.0,1
2019-02-07,Washington Capitals,Colorado Avalanche,4.0,3.0,1
2019-02-08,New York Rangers,Carolina Hurricanes,0.0,3.0,0
2019-02-09,Arizona Coyotes,Dallas Stars,3.0,2.0,0
2019-02-09,Boston Bruins,Los Angeles Kings,5.0,4.0,1
2019-02-09,Buffalo Sabres,Detroit Red Wings,3.0,1.0,0
2019-02-09,Edmonton Oilers,San Jose Sharks,2.0,5.0,0
2019-02-09,Montreal Canadiens,Toronto Maple Leafs,3.0,4.0,1
2019-02-09,New Jersey Devils,Minnesota Wild,2.0,4.0,0
2019-02-09,New York Islanders,Colorado Avalanche,4.0,3.0,1
2019-02-09,Ottawa Senators,Winnipeg Jets,5.0,2.0,0
2019-02-09,Philadelphia Flyers,Anaheim Ducks,6.0,2.0,0
2019-02-09,St. Louis Blues,Nashville Predators,3.0,2.0,0
2019-02-09,Tampa Bay Lightning,Pittsburgh Penguins,5.0,4.0,0
2019-02-09,Vancouver Canucks,Calgary Flames,4.0,3.0,1
2019-02-09,Vegas Golden Knights,Columbus Blue Jackets,3.0,4.0,0
2019-02-09,Washington Capitals,Florida Panthers,4.0,5.0,1
2019-02-10,Boston Bruins,Colorado Avalanche,2.0,1.0,1
2019-02-10,Buffalo Sabres,Winnipeg Jets,1.0,3.0,0
2019-02-10,Chicago Blackhawks,Detroit Red Wings,5.0,2.0,0
2019-02-10,Florida Panthers,Tampa Bay Lightning,2.0,5.0,0
2019-02-10,New Jersey Devils,Carolina Hurricanes,3.0,2.0,0
2019-02-10,Nashville Predators,St. Louis Blues,4.0,5.0,1
2019-02-10,New York Islanders,Minnesota Wild,2.0,1.0,0
2019-02-10,New York Rangers,Toronto Maple Leafs,4.0,1.0,0
2019-02-11,Philadelphia Flyers,Pittsburgh Penguins,1.0,4.0,0
2019-02-11,Vancouver Canucks,San Jose Sharks,2.0,7.0,0
2019-02-11,Washington Capitals,Los Angeles Kings,6.0,4.0,0
2019-02-12,Boston Bruins,Chicago Blackhawks,6.0,3.0,0
2019-02-12,Buffalo Sabres,New York Islanders,3.0,1.0,0
2019-02-12,Columbus Blue Jackets,Washington Capitals,3.0,0.0,0
2019-02-12,Colorado Avalanche,Toronto Maple Leafs,2.0,5.0,0
2019-02-12,Florida Panthers,Dallas Stars,0.0,3.0,0
2019-02-12,Minnesota Wild,Philadelphia Flyers,4.0,5.0,0
2019-02-12,Nashville Predators,Detroit Red Wings,2.0,3.0,0
2019-02-12,Ottawa Senators,Carolina Hurricanes,1.0,4.0,0
2019-02-12,St. Louis Blues,New Jersey Devils,8.0,3.0,0
2019-02-12,Tampa Bay Lightning,Calgary Flames,6.0,3.0,0
2019-02-12,Vegas Golden Knights,Arizona Coyotes,2.0,5.0,0
2019-02-12,Winnipeg Jets,New York Rangers,4.0,3.0,0
2019-02-13,Anaheim Ducks,Vancouver Canucks,1.0,0.0,0
2019-02-13,Pittsburgh Penguins,Edmonton Oilers,3.0,1.0,0
2019-02-14,Arizona Coyotes,St. Louis Blues,0.0,4.0,0
2019-02-14,Columbus Blue Jackets,New York Islanders,0.0,3.0,0
2019-02-14,Chicago Blackhawks,New Jersey Devils,5.0,2.0,0
2019-02-14,Detroit Red Wings,Ottawa Senators,3.0,2.0,0
2019-02-14,Florida Panthers,Calgary Flames,3.0,2.0,1
2019-02-14,Los Angeles Kings,Vancouver Canucks,3.0,4.0,1
2019-02-14,Nashville Predators,Montreal Canadiens,3.0,1.0,0
2019-02-14,San Jose Sharks,Washington Capitals,1.0,5.0,0
2019-02-14,Tampa Bay Lightning,Dallas Stars,6.0,0.0,0
2019-02-14,Vegas Golden Knights,Toronto Maple Leafs,3.0,6.0,0
2019-02-14,Winnipeg Jets,Colorado Avalanche,1.0,4.0,0
2019-02-15,Anaheim Ducks,Boston Bruins,0.0,3.0,0
2019-02-15,Buffalo Sabres,New York Rangers,2.0,6.0,0
2019-02-15,Carolina Hurricanes,Edmonton Oilers,3.0,1.0,0
2019-02-15,Minnesota Wild,New Jersey Devils,4.0,5.0,1
2019-02-16,Arizona Coyotes,Toronto Maple Leafs,2.0,0.0,0
2019-02-16,Carolina Hurricanes,Dallas Stars,3.0,0.0,0
2019-02-16,Chicago Blackhawks,Columbus Blue Jackets,2.0,5.0,0
2019-02-16,Colorado Avalanche,St. Louis Blues,0.0,3.0,0
2019-02-16,Los Angeles Kings,Boston Bruins,2.0,4.0,0
2019-02-16,New York Islanders,Edmonton Oilers,5.0,2.0,0
2019-02-16,Philadelphia Flyers,Detroit Red Wings,6.0,5.0,1
2019-02-16,Pittsburgh Penguins,Calgary Flames,4.0,5.0,0
2019-02-16,San Jose Sharks,Vancouver Canucks,3.0,2.0,0
2019-02-16,Tampa Bay Lightning,Montreal Canadiens,3.0,0.0,0
2019-02-16,Vegas Golden Knights,Nashville Predators,5.0,1.0,0
2019-02-16,Winnipeg Jets,Ottawa Senators,3.0,4.0,1
2019-02-17,Anaheim Ducks,Washington Capitals,5.0,2.0,0
2019-02-17,Detroit Red Wings,Philadelphia Flyers,1.0,3.0,0
2019-02-17,Florida Panthers,Montreal Canadiens,6.0,3.0,0
2019-02-17,Minnesota Wild,St. Louis Blues,0.0,4.0,0
2019-02-17,New Jersey Devils,Buffalo Sabres,4.0,1.0,0
2019-02-17,Pittsburgh Penguins,New York Rangers,6.0,5.0,0
2019-02-18,Columbus Blue Jackets,Tampa Bay Lightning,1.0,5.0,0
2019-02-18,Calgary Flames,Arizona Coyotes,5.0,2.0,0
2019-02-18,Chicago Blackhawks,Ottawa Senators,8.0,7.0,0
2019-02-18,Colorado Avalanche,Vegas Golden Knights,3.0,0.0,0
2019-02-18,Los Angeles Kings,Washington Capitals,2.0,3.0,0
2019-02-18,San Jose Sharks,Boston Bruins,5.0,6.0,1
2019-02-19,Carolina Hurricanes,New York Rangers,1.0,2.0,0
2019-02-19,Dallas Stars,Nashville Predators,3.0,5.0,0
2019-02-19,Edmonton Oilers,Arizona Coyotes,2.0,3.0,1
2019-02-19,Florida Panthers,Buffalo Sabres,4.0,2.0,0
2019-02-19,Minnesota Wild,Anaheim Ducks,0.0,4.0,0
2019-02-19,Montreal Canadiens,Columbus Blue Jackets,3.0,2.0,0
2019-02-19,New Jersey Devils,Pittsburgh Penguins,3.0,4.0,0
2019-02-19,Philadelphia Flyers,Tampa Bay Lightning,2.0,5.0,0
2019-02-19,St. Louis Blues,Toronto Maple Leafs,3.0,2.0,1
2019-02-20,Calgary Flames,New York Islanders,4.0,2.0,0
2019-02-20,Colorado Avalanche,Winnipeg Jets,7.0,1.0,0
2019-02-20,Detroit Red Wings,Chicago Blackhawks,4.0,5.0,1
2019-02-20,Vegas Golden Knights,Boston Bruins,2.0,3.0,1
2019-02-21,Dallas Stars,St. Louis Blues,5.0,2.0,0
2019-02-21,Edmonton Oilers,New York Islanders,4.0,3.0,1
2019-02-21,Florida Panthers,Carolina Hurricanes,3.0,4.0,0
2019-02-21,Montreal Canadiens,Philadelphia Flyers,5.0,1.0,0
2019-02-21,New Jersey Devils,Ottawa Senators,4.0,0.0,0
2019-02-21,Nashville Predators,Los Angeles Kings,2.0,1.0,0
2019-02-21,New York Rangers,Minnesota Wild,1.0,4.0,0
2019-02-21,Pittsburgh Penguins,San Jose Sharks,0.0,4.0,0
2019-02-21,Tampa Bay Lightning,Buffalo Sabres,2.0,1.0,1
2019-02-21,Toronto Maple Leafs,Washington Capitals,2.0,3.0,0
2019-02-21,Vancouver Canucks,Arizona Coyotes,2.0,3.0,1
2019-02-22,Calgary Flames,Anaheim Ducks,2.0,1.0,0
2019-02-22,Chicago Blackhawks,Colorado Avalanche,3.0,5.0,0
2019-02-22,Detroit Red Wings,Minnesota Wild,2.0,3.0,0
2019-02-22,Ottawa Senators,Columbus Blue Jackets,0.0,3.0,0
2019-02-22,Vegas Golden Knights,Winnipeg Jets,3.0,6.0,0
2019-02-23,Buffalo Sabres,Washington Capitals,5.0,2.0,0
2019-02-23,Columbus Blue Jackets,San Jose Sharks,4.0,0.0,0
2019-02-23,Dallas Stars,Carolina Hurricanes,0.0,3.0,0
2019-02-23,Edmonton Oilers,Anaheim Ducks,2.0,1.0,0
2019-02-23,Florida Panthers,Los Angeles Kings,6.0,1.0,0
2019-02-23,Nashville Predators,Colorado Avalanche,0.0,5.0,0
2019-02-23,New York Rangers,New Jersey Devils,5.0,2.0,0
2019-02-23,Philadelphia Flyers,Pittsburgh Penguins,4.0,3.0,1
2019-02-23,St. Louis Blues,Boston Bruins,2.0,1.0,1
2019-02-23,Toronto Maple Leafs,Montreal Canadiens,6.0,3.0,0
2019-02-23,Vancouver Canucks,New York Islanders,0.0,4.0,0
2019-02-24,Arizona Coyotes,Winnipeg Jets,4.0,1.0,0
2019-02-24,Chicago Blackhawks,Dallas Stars,3.0,4.0,0
2019-02-24,Detroit Red Wings,San Jose Sharks,3.0,5.0,0
2019-02-24,Minnesota Wild,St. Louis Blues,2.0,1.0,1
2019-02-24,Ottawa Senators,Calgary Flames,1.0,2.0,0
2019-02-24,Washington Capitals,New York Rangers,6.0,5.0,1
2019-02-25,Colorado Avalanche,Florida Panthers,3.0,4.0,1
2019-02-25,New Jersey Devils,Montreal Canadiens,2.0,1.0,0
2019-02-25,Nashville Predators,Edmonton Oilers,3.0,2.0,1
2019-02-25,Tampa Bay Lightning,Los Angeles Kings,4.0,3.0,1
2019-02-25,Toronto Maple Leafs,Buffalo Sabres,5.0,3.0,0
2019-02-25,Vancouver Canucks,Anaheim Ducks,4.0,0.0,0
2019-02-26,Arizona Coyotes,Florida Panthers,4.0,3.0,1
2019-02-26,Boston Bruins,San Jose Sharks,4.0,1.0,0
2019-02-26,Carolina Hurricanes,Los Angeles Kings,6.0,1.0,0
2019-02-26,Columbus Blue Jackets,Pittsburgh Penguins,2.0,5.0,0
2019-02-26,Detroit Red Wings,Montreal Canadiens,1.0,8.0,0
2019-02-26,New York Islanders,Calgary Flames,1.0,3.0,0
2019-02-26,Philadelphia Flyers,Buffalo Sabres,5.0,2.0,0
2019-02-26,St. Louis Blues,Nashville Predators,2.0,0.0,0
2019-02-26,Vegas Golden Knights,Dallas Stars,4.0,1.0,0
2019-02-26,Winnipeg Jets,Minnesota Wild,2.0,3.0,0
2019-02-26,Washington Capitals,Ottawa Senators,7.0,2.0,0
2019-02-27,Anaheim Ducks,Chicago Blackhawks,3.0,4.0,0
2019-02-27,Colorado Avalanche,Vancouver Canucks,3.0,2.0,1
2019-02-27,New Jersey Devils,Calgary Flames,1.0,2.0,0
2019-02-27,New York Rangers,Tampa Bay Lightning,3.0,4.0,1
2019-02-27,Toronto Maple Leafs,Edmonton Oilers,6.0,2.0,0
2019-02-28,Arizona Coyotes,Vancouver Canucks,5.0,2.0,0
2019-02-28,Boston Bruins,Tampa Bay Lightning,4.0,1.0,0
2019-02-28,Columbus Blue Jackets,Philadelphia Flyers,4.0,3.0,1
2019-02-28,Los Angeles Kings,Dallas Stars,3.0,4.0,1
2019-02-28,New York Islanders,Toronto Maple Leafs,6.0,1.0,0
2019-02-28,Ottawa Senators,Edmonton Oilers,2.0,4.0,0
2019-02-28,Vegas Golden Knights,Florida Panthers,6.0,5.0,1
2019-03-01,Anaheim Ducks,Vegas Golden Knights,0.0,3.0,0
2019-03-01,Buffalo Sabres,Pittsburgh Penguins,4.0,3.0,1
2019-03-01,Carolina Hurricanes,St. Louis Blues,5.0,2.0,0
2019-03-01,New Jersey Devils,Philadelphia Flyers,3.0,6.0,0
2019-03-01,New York Islanders,Washington Capitals,1.0,3.0,0
2019-03-01,New York Rangers,Montreal Canadiens,2.0,4.0,0
2019-03-01,San Jose Sharks,Colorado Avalanche,4.0,3.0,0
2019-03-01,Winnipeg Jets,Nashville Predators,5.0,3.0,0
2019-03-02,Arizona Coyotes,Detroit Red Wings,3.0,1.0,0
2019-03-02,Boston Bruins,New Jersey Devils,1.0,0.0,0
2019-03-02,Columbus Blue Jackets,Edmonton Oilers,0.0,4.0,0
2019-03-02,Calgary Flames,Minnesota Wild,2.0,4.0,0
2019-03-02,Florida Panthers,Carolina Hurricanes,3.0,4.0,1
2019-03-02,Los Angeles Kings,Chicago Blackhawks,6.0,3.0,0
2019-03-02,Montreal Canadiens,Pittsburgh Penguins,1.0,5.0,0
2019-03-02,St. Louis Blues,Dallas Stars,1.0,4.0,0
2019-03-02,Tampa Bay Lightning,Ottawa Senators,5.0,1.0,0
2019-03-02,Toronto Maple Leafs,Buffalo Sabres,5.0,2.0,0
2019-03-03,Anaheim Ducks,Colorado Avalanche,2.0,1.0,0
2019-03-03,Columbus Blue Jackets,Winnipeg Jets,2.0,5.0,0
2019-03-03,Florida Panthers,Ottawa Senators,2.0,3.0,0
2019-03-03,Minnesota Wild,Nashville Predators,2.0,3.0,1
2019-03-03,New York Islanders,Philadelphia Flyers,1.0,4.0,0
2019-03-03,New York Rangers,Washington Capitals,2.0,3.0,1
2019-03-03,San Jose Sharks,Chicago Blackhawks,5.0,2.0,0
2019-03-03,Vegas Golden Knights,Vancouver Canucks,3.0,0.0,0
2019-03-04,Buffalo Sabres,Edmonton Oilers,3.0,4.0,0
2019-03-04,Calgary Flames,Toronto Maple Leafs,2.0,6.0,0
2019-03-05,Arizona Coyotes,Anaheim Ducks,1.0,3.0,0
2019-03-05,Boston Bruins,Carolina Hurricanes,4.0,3.0,1
2019-03-05,Colorado Avalanche,Detroit Red Wings,4.0,3.0,1
2019-03-05,Dallas Stars,New York Rangers,1.0,0.0,0
2019-03-05,Los Angeles Kings,Montreal Canadiens,1.0,3.0,0
2019-03-05,New Jersey Devils,Columbus Blue Jackets,1.0,2.0,1
2019-03-05,Nashville Predators,Minnesota Wild,5.0,4.0,1
2019-03-05,New York Islanders,Ottawa Senators,5.0,4.0,1
2019-03-05,Pittsburgh Penguins,Florida Panthers,3.0,2.0,1
2019-03-05,Tampa Bay Lightning,Winnipeg Jets,5.0,2.0,0
2019-03-06,Anaheim Ducks,St. Louis Blues,4.0,5.0,0
2019-03-06,Philadelphia Flyers,Washington Capitals,3.0,5.0,0
2019-03-06,Vancouver Canucks,Toronto Maple Leafs,3.0,2.0,1
2019-03-06,Vegas Golden Knights,Calgary Flames,2.0,1.0,0
2019-03-07,Arizona Coyotes,Calgary Flames,2.0,0.0,0
2019-03-07,Boston Bruins,Florida Panthers,4.0,3.0,0
2019-03-07,Chicago Blackhawks,Buffalo Sabres,5.0,4.0,1
2019-03-07,Dallas Stars,Colorado Avalanche,4.0,0.0,0
2019-03-07,Detroit Red Wings,New York Rangers,3.0,2.0,1
2019-03-07,Edmonton Oilers,Vancouver Canucks,3.0,2.0,0
2019-03-07,Los Angeles Kings,St. Louis Blues,0.0,4.0,0
2019-03-07,Ottawa Senators,New York Islanders,2.0,4.0,0
2019-03-07,Pittsburgh Penguins,Columbus Blue Jackets,3.0,0.0,0
2019-03-07,San Jose Sharks,Montreal Canadiens,5.0,2.0,0
2019-03-07,Tampa Bay Lightning,Minnesota Wild,0.0,3.0,0
2019-03-08,Anaheim Ducks,Montreal Canadiens,8.0,2.0,0
2019-03-08,Carolina Hurricanes,Winnipeg Jets,1.0,8.0,0
2019-03-08,Florida Panthers,Minnesota Wild,6.0,2.0,0
2019-03-08,Washington Capitals,New Jersey Devils,3.0,0.0,0
2019-03-09,Arizona Coyotes,Los Angeles Kings,4.0,2.0,0
2019-03-09,Boston Bruins,Ottawa Senators,3.0,2.0,0
2019-03-09,Columbus Blue Jackets,Pittsburgh Penguins,4.0,1.0,0
2019-03-09,Colorado Avalanche,Buffalo Sabres,3.0,0.0,0
2019-03-09,Dallas Stars,Chicago Blackhawks,1.0,2.0,0
2019-03-09,Edmonton Oilers,Toronto Maple Leafs,2.0,3.0,0
2019-03-09,Nashville Predators,Carolina Hurricanes,3.0,5.0,0
2019-03-09,New York Islanders,Philadelphia Flyers,2.0,5.0,0
2019-03-09,New York Rangers,New Jersey Devils,4.0,2.0,0
2019-03-09,San Jose Sharks,St. Louis Blues,3.0,2.0,1
2019-03-09,Tampa Bay Lightning,Detroit Red Wings,3.0,2.0,0
2019-03-09,Vancouver Canucks,Vegas Golden Knights,2.0,6.0,0
2019-03-10,Anaheim Ducks,Los Angeles Kings,2.0,3.0,0
2019-03-10,Calgary Flames,Vegas Golden Knights,6.0,3.0,0
2019-03-10,Florida Panthers,Detroit Red Wings,6.0,1.0,0
2019-03-10,Pittsburgh Penguins,Boston Bruins,4.0,2.0,0
2019-03-10,Washington Capitals,Winnipeg Jets,3.0,1.0,0
2019-03-11,Chicago Blackhawks,Arizona Coyotes,7.0,1.0,0
2019-03-11,Colorado Avalanche,Carolina Hurricanes,0.0,3.0,0
2019-03-11,Edmonton Oilers,New York Rangers,3.0,2.0,1
2019-03-11,Minnesota Wild,San Jose Sharks,0.0,3.0,0
2019-03-11,New York Islanders,Columbus Blue Jackets,2.0,0.0,0
2019-03-11,Philadelphia Flyers,Ottawa Senators,3.0,2.0,0
2019-03-11,Toronto Maple Leafs,Tampa Bay Lightning,2.0,6.0,0
2019-03-12,Anaheim Ducks,Nashville Predators,3.0,2.0,0
2019-03-12,Buffalo Sabres,Dallas Stars,0.0,2.0,0
2019-03-12,Columbus Blue Jackets,Boston Bruins,7.0,4.0,0
2019-03-12,Calgary Flames,New Jersey Devils,9.0,4.0,0
2019-03-12,Montreal Canadiens,Detroit Red Wings,3.0,1.0,0
2019-03-12,Pittsburgh Penguins,Washington Capitals,5.0,3.0,0
2019-03-12,St. Louis Blues,Arizona Coyotes,1.0,3.0,0
2019-03-12,Winnipeg Jets,San Jose Sharks,4.0,5.0,0
2019-03-13,Edmonton Oilers,New Jersey Devils,3.0,6.0,0
2019-03-13,Toronto Maple Leafs,Chicago Blackhawks,4.0,5.0,0
2019-03-13,Vancouver Canucks,New York Rangers,4.0,1.0,0
2019-03-14,Arizona Coyotes,Anaheim Ducks,6.0,1.0,0
2019-03-14,Buffalo Sabres,Pittsburgh Penguins,0.0,5.0,0
2019-03-14,Detroit Red Wings,Tampa Bay Lightning,4.0,5.0,0
2019-03-14,Los Angeles Kings,Nashville Predators,1.0,3.0,0
2019-03-14,Minnesota Wild,Dallas Stars,1.0,4.0,0
2019-03-14,New York Islanders,Montreal Canadiens,2.0,1.0,0
2019-03-14,Ottawa Senators,St. Louis Blues,2.0,0.0,0
2019-03-14,Philadelphia Flyers,Washington Capitals,2.0,5.0,0
2019-03-14,San Jose Sharks,Florida Panthers,2.0,4.0,0
2019-03-14,Winnipeg Jets,Boston Bruins,4.0,3.0,0
2019-03-15,Columbus Blue Jackets,Carolina Hurricanes,3.0,0.0,0
2019-03-15,Calgary Flames,New York Rangers,5.0,1.0,0
2019-03-15,Colorado Avalanche,Anaheim Ducks,3.0,5.0,0
2019-03-15,Dallas Stars,Vegas Golden Knights,1.0,2.0,0
2019-03-15,Toronto Maple Leafs,Philadelphia Flyers,7.0,6.0,0
2019-03-15,Vancouver Canucks,New Jersey Devils,2.0,3.0,1
2019-03-16,Arizona Coyotes,Edmonton Oilers,2.0,3.0,1
2019-03-16,Boston Bruins,Columbus Blue Jackets,2.0,1.0,1
2019-03-16,Carolina Hurricanes,Buffalo Sabres,4.0,2.0,0
2019-03-16,Detroit Red Wings,New York Islanders,2.0,1.0,0
2019-03-16,Los Angeles Kings,Florida Panthers,3.0,4.0,0
2019-03-16,Minnesota Wild,New York Rangers,5.0,2.0,0
2019-03-16,Montreal Canadiens,Chicago Blackhawks,0.0,2.0,0
2019-03-16,Ottawa Senators,Toronto Maple Leafs,6.0,2.0,0
2019-03-16,Pittsburgh Penguins,St. Louis Blues,1.0,5.0,0
2019-03-16,San Jose Sharks,Nashville Predators,2.0,4.0,0
2019-03-16,Tampa Bay Lightning,Washington Capitals,6.0,3.0,0
2019-03-16,Winnipeg Jets,Calgary Flames,2.0,1.0,0
2019-03-17,Anaheim Ducks,Florida Panthers,3.0,2.0,0
2019-03-17,Buffalo Sabres,St. Louis Blues,4.0,3.0,1
2019-03-17,Colorado Avalanche,New Jersey Devils,3.0,0.0,0
2019-03-17,Dallas Stars,Vancouver Canucks,2.0,3.0,1
2019-03-17,Minnesota Wild,New York Islanders,2.0,3.0,1
2019-03-17,Pittsburgh Penguins,Philadelphia Flyers,1.0,2.0,1
2019-03-17,Vegas Golden Knights,Edmonton Oilers,6.0,3.0,0
2019-03-18,Chicago Blackhawks,Vancouver Canucks,2.0,3.0,1
2019-03-18,Los Angeles Kings,Winnipeg Jets,2.0,3.0,0
2019-03-18,San Jose Sharks,Vegas Golden Knights,3.0,7.0,0
2019-03-18,Tampa Bay Lightning,Arizona Coyotes,4.0,1.0,0
2019-03-19,Carolina Hurricanes,Pittsburgh Penguins,3.0,2.0,1
2019-03-19,Calgary Flames,Columbus Blue Jackets,4.0,2.0,0
2019-03-19,Dallas Stars,Florida Panthers,4.0,2.0,0
2019-03-19,Minnesota Wild,Colorado Avalanche,1.0,3.0,0
2019-03-19,New Jersey Devils,Washington Capitals,1.0,4.0,0
2019-03-19,Nashville Predators,Toronto Maple Leafs,3.0,0.0,0
2019-03-19,New York Islanders,Boston Bruins,0.0,5.0,0
2019-03-19,New York Rangers,Detroit Red Wings,2.0,3.0,0
2019-03-19,Philadelphia Flyers,Montreal Canadiens,1.0,3.0,0
2019-03-19,St. Louis Blues,Edmonton Oilers,7.0,2.0,0
2019-03-20,Anaheim Ducks,Winnipeg Jets,0.0,3.0,0
2019-03-20,Buffalo Sabres,Toronto Maple Leafs,2.0,4.0,0
2019-03-20,Vancouver Canucks,Ottawa Senators,7.0,4.0,0
2019-03-20,Washington Capitals,Tampa Bay Lightning,4.0,5.0,1
2019-03-21,Carolina Hurricanes,Tampa Bay Lightning,3.0,6.0,0
2019-03-21,Calgary Flames,Ottawa Senators,5.0,1.0,0
2019-03-21,Chicago Blackhawks,Philadelphia Flyers,1.0,3.0,0
2019-03-21,Dallas Stars,Colorado Avalanche,1.0,3.0,0
2019-03-21,Edmonton Oilers,Columbus Blue Jackets,4.0,1.0,0
2019-03-21,Florida Panthers,Arizona Coyotes,4.0,2.0,0
2019-03-21,Los Angeles Kings,San Jose Sharks,4.0,2.0,0
2019-03-21,Montreal Canadiens,New York Islanders,4.0,0.0,0
2019-03-21,New Jersey Devils,Boston Bruins,1.0,5.0,0
2019-03-21,Nashville Predators,Pittsburgh Penguins,1.0,2.0,1
2019-03-21,St. Louis Blues,Detroit Red Wings,5.0,2.0,0
2019-03-21,Vegas Golden Knights,Winnipeg Jets,5.0,0.0,0
2019-03-22,Anaheim Ducks,San Jose Sharks,4.0,3.0,1
2019-03-22,Washington Capitals,Minnesota Wild,1.0,2.0,0
2019-03-23,Carolina Hurricanes,Minnesota Wild,5.0,1.0,0
2019-03-23,Colorado Avalanche,Chicago Blackhawks,4.0,2.0,0
2019-03-23,Dallas Stars,Pittsburgh Penguins,2.0,3.0,0
2019-03-23,Edmonton Oilers,Ottawa Senators,3.0,4.0,1
2019-03-23,Florida Panthers,Boston Bruins,3.0,7.0,0
2019-03-23,Los Angeles Kings,Anaheim Ducks,4.0,3.0,1
2019-03-23,Montreal Canadiens,Buffalo Sabres,7.0,4.0,0
2019-03-23,New Jersey Devils,Arizona Coyotes,2.0,1.0,1
2019-03-23,Philadelphia Flyers,New York Islanders,2.0,4.0,0
2019-03-23,St. Louis Blues,Tampa Bay Lightning,4.0,3.0,0
2019-03-23,Toronto Maple Leafs,New York Rangers,1.0,2.0,1
2019-03-23,Vancouver Canucks,Calgary Flames,1.0,3.0,0
2019-03-23,Vegas Golden Knights,Detroit Red Wings,2.0,3.0,1
2019-03-23,Winnipeg Jets,Nashville Predators,5.0,0.0,0
2019-03-24,Carolina Hurricanes,Montreal Canadiens,2.0,1.0,1
2019-03-24,Chicago Blackhawks,Colorado Avalanche,2.0,1.0,1
2019-03-24,New York Islanders,Arizona Coyotes,2.0,0.0,0
2019-03-24,Vancouver Canucks,Columbus Blue Jackets,0.0,5.0,0
2019-03-24,Washington Capitals,Philadelphia Flyers,3.0,1.0,0
2019-03-25,Calgary Flames,Los Angeles Kings,0.0,3.0,0
2019-03-25,Minnesota Wild,Nashville Predators,0.0,1.0,0
2019-03-25,New Jersey Devils,Buffalo Sabres,3.0,1.0,0
2019-03-25,New York Rangers,Pittsburgh Penguins,2.0,5.0,0
2019-03-25,San Jose Sharks,Detroit Red Wings,2.0,3.0,0
2019-03-25,St. Louis Blues,Vegas Golden Knights,3.0,1.0,0
2019-03-25,Tampa Bay Lightning,Boston Bruins,5.0,4.0,0
2019-03-25,Toronto Maple Leafs,Florida Panthers,7.0,5.0,0
2019-03-25,Winnipeg Jets,Dallas Stars,2.0,5.0,0
2019-03-26,Arizona Coyotes,Chicago Blackhawks,1.0,0.0,0
2019-03-26,Columbus Blue Jackets,New York Islanders,4.0,0.0,0
2019-03-26,Edmonton Oilers,Los Angeles Kings,8.0,4.0,0
2019-03-26,Montreal Canadiens,Florida Panthers,6.0,1.0,0
2019-03-26,Ottawa Senators,Buffalo Sabres,4.0,0.0,0
2019-03-26,Vancouver Canucks,Anaheim Ducks,4.0,5.0,0
2019-03-26,Washington Capitals,Carolina Hurricanes,4.0,1.0,0
2019-03-27,Boston Bruins,New York Rangers,6.0,3.0,0
2019-03-27,Calgary Flames,Dallas Stars,1.0,2.0,0
2019-03-27,Colorado Avalanche,Vegas Golden Knights,4.0,3.0,0
2019-03-27,Philadelphia Flyers,Toronto Maple Leafs,5.0,4.0,1
2019-03-28,Buffalo Sabres,Detroit Red Wings,4.0,5.0,1
2019-03-28,Carolina Hurricanes,Washington Capitals,2.0,3.0,0
2019-03-28,Columbus Blue Jackets,Montreal Canadiens,6.0,2.0,0
2019-03-28,Edmonton Oilers,Dallas Stars,2.0,3.0,1
2019-03-28,Ottawa Senators,Florida Panthers,2.0,5.0,0
2019-03-28,San Jose Sharks,Chicago Blackhawks,4.0,5.0,0
2019-03-28,Vancouver Canucks,Los Angeles Kings,3.0,2.0,1
2019-03-28,Winnipeg Jets,New York Islanders,4.0,5.0,0
2019-03-29,Calgary Flames,Anaheim Ducks,6.0,1.0,0
2019-03-29,Colorado Avalanche,Arizona Coyotes,3.0,2.0,1
2019-03-29,Detroit Red Wings,New Jersey Devils,4.0,0.0,0
2019-03-29,New York Rangers,St. Louis Blues,4.0,2.0,0
2019-03-29,Pittsburgh Penguins,Nashville Predators,1.0,3.0,0
2019-03-29,Vegas Golden Knights,Minnesota Wild,2.0,3.0,0
2019-03-30,Boston Bruins,Florida Panthers,1.0,4.0,0
2019-03-30,Carolina Hurricanes,Philadelphia Flyers,5.0,2.0,0
2019-03-30,Edmonton Oilers,Anaheim Ducks,1.0,5.0,0
2019-03-30,Los Angeles Kings,Chicago Blackhawks,3.0,2.0,1
2019-03-30,New Jersey Devils,St. Louis Blues,2.0,3.0,1
2019-03-30,Nashville Predators,Columbus Blue Jackets,2.0,5.0,0
2019-03-30,New York Islanders,Buffalo Sabres,5.0,1.0,0
2019-03-30,Ottawa Senators,Toronto Maple Leafs,4.0,2.0,0
2019-03-30,San Jose Sharks,Vegas Golden Knights,4.0,3.0,1
2019-03-30,Tampa Bay Lightning,Washington Capitals,3.0,6.0,0
2019-03-30,Vancouver Canucks,Dallas Stars,3.0,2.0,1
2019-03-30,Winnipeg Jets,Montreal Canadiens,1.0,3.0,0
2019-03-31,Arizona Coyotes,Minnesota Wild,4.0,0.0,0
2019-03-31,Buffalo Sabres,Columbus Blue Jackets,0.0,4.0,0
2019-03-31,Detroit Red Wings,Boston Bruins,6.0,3.0,0
2019-03-31,Philadelphia Flyers,New York Rangers,0.0,3.0,0
2019-03-31,Pittsburgh Penguins,Carolina Hurricanes,3.0,1.0,0
2019-03-31,San Jose Sharks,Calgary Flames,3.0,5.0,0
2019-04-01,Chicago Blackhawks,Winnipeg Jets,3.0,4.0,1
2019-04-01,Florida Panthers,Washington Capitals,5.0,3.0,0
2019-04-01,Los Angeles Kings,Calgary Flames,2.0,7.0,0
2019-04-01,New Jersey Devils,New York Rangers,4.0,2.0,0
2019-04-01,New York Islanders,Toronto Maple Leafs,1.0,2.0,0
2019-04-01,Ottawa Senators,Tampa Bay Lightning,2.0,5.0,0
2019-04-01,St. Louis Blues,Colorado Avalanche,3.0,2.0,1
2019-04-01,Vegas Golden Knights,Edmonton Oilers,3.0,1.0,0
2019-04-02,Arizona Coyotes,Los Angeles Kings,1.0,3.0,0
2019-04-02,Buffalo Sabres,Nashville Predators,2.0,3.0,0
2019-04-02,Columbus Blue Jackets,Boston Bruins,2.0,6.0,0
2019-04-02,Colorado Avalanche,Edmonton Oilers,6.0,2.0,0
2019-04-02,Dallas Stars,Philadelphia Flyers,6.0,2.0,0
2019-04-02,Detroit Red Wings,Pittsburgh Penguins,4.0,1.0,0
2019-04-02,Minnesota Wild,Winnipeg Jets,5.0,1.0,0
2019-04-02,Montreal Canadiens,Tampa Bay Lightning,4.0,2.0,0
2019-04-02,Toronto Maple Leafs,Carolina Hurricanes,1.0,4.0,0
2019-04-02,Vancouver Canucks,San Jose Sharks,4.0,2.0,0
